-- phpMyAdmin SQL Dump
-- version 4.5.4.1deb2ubuntu2.1
-- http://www.phpmyadmin.net
--
-- Host: localhost
-- Generation Time: 02 Jun 2019 pada 17.06
-- Versi Server: 5.7.25-0ubuntu0.16.04.2
-- PHP Version: 7.0.33-0ubuntu0.16.04.2

SET SQL_MODE = "NO_AUTO_VALUE_ON_ZERO";
SET time_zone = "+00:00";


/*!40101 SET @OLD_CHARACTER_SET_CLIENT=@@CHARACTER_SET_CLIENT */;
/*!40101 SET @OLD_CHARACTER_SET_RESULTS=@@CHARACTER_SET_RESULTS */;
/*!40101 SET @OLD_COLLATION_CONNECTION=@@COLLATION_CONNECTION */;
/*!40101 SET NAMES utf8mb4 */;

--
-- Database: `db_apotek`
--

-- --------------------------------------------------------

--
-- Struktur dari tabel `aset`
--

CREATE TABLE `aset` (
  `id` int(4) UNSIGNED ZEROFILL NOT NULL,
  `tanggal` date DEFAULT NULL,
  `aset` int(10) DEFAULT NULL,
  `omset1` int(10) DEFAULT NULL,
  `omset2` int(10) DEFAULT NULL,
  `totalOmset` int(10) DEFAULT NULL,
  `nota1` int(10) DEFAULT NULL,
  `nota2` int(10) DEFAULT NULL,
  `totalNota` int(11) DEFAULT NULL,
  `avgNota` decimal(11,0) DEFAULT NULL,
  `profit` int(11) DEFAULT NULL,
  `persenProfit` decimal(10,0) DEFAULT NULL
) ENGINE=InnoDB DEFAULT CHARSET=utf8;

--
-- Dumping data untuk tabel `aset`
--

INSERT INTO `aset` (`id`, `tanggal`, `aset`, `omset1`, `omset2`, `totalOmset`, `nota1`, `nota2`, `totalNota`, `avgNota`, `profit`, `persenProfit`) VALUES
(0001, '2019-04-08', 67870409, 138000, 155000, 293000, 1, 1, 2, '146500', 43000, '15'),
(0002, '2019-04-13', 67216409, 15000, 15000, 30000, 1, 0, 1, '30000', 3000, '10'),
(0003, '2019-04-10', 66730409, 486000, 486000, 972000, 1, 0, 1, '972000', 66000, '7'),
(0004, '2019-06-01', 64568969, 73350, 73350, 146700, 0, 1, 1, '146700', NULL, '0'),
(0005, '2019-06-02', 64568969, 802330, 226000, 1028330, 4, 3, 7, '146904', NULL, '0'),
(0006, '2019-06-02', 64568969, 802330, 226000, 1028330, 4, 3, 7, '146904', 211075, '21');

-- --------------------------------------------------------

--
-- Struktur dari tabel `ci_sessions`
--

CREATE TABLE `ci_sessions` (
  `id` varchar(40) NOT NULL,
  `ip_address` varchar(45) NOT NULL,
  `timestamp` int(10) UNSIGNED NOT NULL DEFAULT '0',
  `data` blob NOT NULL
) ENGINE=InnoDB DEFAULT CHARSET=utf8;

-- --------------------------------------------------------

--
-- Struktur dari tabel `pembatalan`
--

CREATE TABLE `pembatalan` (
  `id` int(6) UNSIGNED ZEROFILL NOT NULL,
  `tanggal` datetime NOT NULL DEFAULT CURRENT_TIMESTAMP,
  `user_id` int(3) UNSIGNED ZEROFILL NOT NULL,
  `kode` varchar(20) NOT NULL,
  `id_produk` int(6) UNSIGNED ZEROFILL NOT NULL,
  `penjualan` int(10) NOT NULL,
  `jumlah` int(20) NOT NULL
) ENGINE=InnoDB DEFAULT CHARSET=utf8;

--
-- Dumping data untuk tabel `pembatalan`
--

INSERT INTO `pembatalan` (`id`, `tanggal`, `user_id`, `kode`, `id_produk`, `penjualan`, `jumlah`) VALUES
(000001, '2019-02-12 18:21:15', 013, '02125348', 000003, 52500, 1),
(000002, '2019-02-12 18:38:19', 013, ' 02122415', 000003, 52500, 1),
(000003, '2019-02-15 10:43:16', 012, '02154152', 000109, 17000, 1),
(000004, '2019-02-15 10:54:15', 012, '02154148', 000109, 17000, 1),
(000005, '2019-02-15 11:13:06', 012, '02152031', 000640, 12500, 1),
(000006, '2019-02-15 11:13:43', 012, '02151812', 000640, 12500, 1),
(000007, '2019-02-15 11:14:20', 012, '02151823', 000640, 12500, 1),
(000008, '2019-02-15 16:25:49', 013, '02153555', 000081, 19000, 1),
(000009, '2019-02-15 16:31:26', 013, '02152044', 000177, 12460, 1),
(000010, '2019-02-15 16:31:39', 013, '02152044', 000544, 16000, 2),
(000011, '2019-02-15 16:31:41', 013, '02152044', 000544, 16000, 2),
(000012, '2019-02-15 16:31:45', 013, '02152044', 000120, 21000, 1),
(000013, '2019-02-15 17:07:45', 013, '02150557', 000405, 20000, 4),
(000014, '2019-02-15 20:25:45', 013, '02151857', 000728, 26000, 1),
(000015, '2019-02-15 20:28:50', 013, '02151054', 000648, 67000, 1),
(000016, '2019-02-15 21:36:28', 013, '02152950', 000651, 14500, 1),
(000017, '2019-02-16 14:57:07', 013, '02162526', 000065, 54000, 1),
(000018, '2019-02-16 14:58:29', 013, '02165047', 000155, 44500, 1),
(000019, '2019-02-17 15:30:38', 013, '02175657', 000805, 35000, 1),
(000020, '2019-02-17 15:30:59', 013, '02175155', 000435, 35000, 5),
(000021, '2019-02-17 15:31:45', 013, '02170540', 000045, 33000, 10),
(000022, '2019-02-17 17:59:45', 013, '02174350', 000884, 18500, 1),
(000023, '2019-05-29 16:53:27', 007, '02130823', 000003, 52500, 1),
(000024, '2019-05-29 16:54:54', 007, '02130823', 000003, 52500, 1),
(000025, '2019-06-02 13:52:49', 007, '2244973', 000696, 732000, 3),
(000026, '2019-06-02 14:06:46', 007, '2244974', 000962, 4000, 5),
(000027, '2019-06-02 14:16:34', 007, '2244974', 000960, 60, 1),
(000028, '2019-06-02 14:23:31', 007, '2244974', 000961, 990, 15),
(000029, '2019-06-02 14:26:50', 007, '2244975', 000677, 35000, 1);

-- --------------------------------------------------------

--
-- Struktur dari tabel `pembayaran`
--

CREATE TABLE `pembayaran` (
  `id` int(6) NOT NULL,
  `kode` varchar(20) NOT NULL,
  `user_id` int(3) UNSIGNED ZEROFILL DEFAULT '007',
  `tanggal` datetime DEFAULT NULL,
  `total_modal` int(10) DEFAULT NULL,
  `total_jual` int(10) DEFAULT NULL,
  `bayar` int(10) DEFAULT NULL,
  `kembali` int(10) DEFAULT NULL,
  `profit` int(10) DEFAULT NULL,
  `status` varchar(10) NOT NULL DEFAULT 'sukses'
) ENGINE=InnoDB DEFAULT CHARSET=utf8;

--
-- Dumping data untuk tabel `pembayaran`
--

INSERT INTO `pembayaran` (`id`, `kode`, `user_id`, `tanggal`, `total_modal`, `total_jual`, `bayar`, `kembali`, `profit`, `status`) VALUES
(1, '02125348', 013, '2019-02-12 17:53:48', 45000, 0, 100000, 47500, 7500, 'sukses'),
(2, '02122415', 013, '2019-02-12 18:24:15', 45000, 52500, 60000, 7500, 7500, 'sukses'),
(3, '02123514', 013, '2019-02-12 18:35:14', 45000, 52500, 60000, 7500, 7500, 'sukses'),
(4, '02130823', 013, '2019-02-13 19:08:23', 145000, 125000, 200000, 22500, 32500, 'sukses'),
(5, '02150115', 012, '2019-02-15 09:01:15', 4000, 6000, 10000, 4000, 2000, 'sukses'),
(6, '02151812', 012, '2019-02-15 09:18:12', 10000, 0, 50000, 37500, 2500, 'sukses'),
(7, '02151823', 012, '2019-02-15 09:18:23', 10000, 0, 50000, 37500, 2500, 'sukses'),
(8, '02152031', 012, '2019-02-15 09:20:31', 10000, 0, 50000, 37500, 2500, 'sukses'),
(9, '02150150', 012, '2019-02-15 10:01:50', 4500, 6000, 10000, 4000, 1500, 'sukses'),
(10, '02153247', 012, '2019-02-15 10:32:47', 12500, 14000, 14000, 0, 1500, 'sukses'),
(11, '02154116', 012, '2019-02-15 10:41:16', 15000, 17000, 17000, 0, 2000, 'sukses'),
(12, '02154125', 012, '2019-02-15 10:41:25', 15000, 17000, 17000, 0, 2000, 'sukses'),
(13, '02154148', 012, '2019-02-15 10:41:48', 0, 0, 17000, 0, 17000, 'sukses'),
(14, '02154152', 012, '2019-02-15 10:41:52', 0, 0, 17000, 0, 17000, 'sukses'),
(15, '02155028', 012, '2019-02-15 10:50:28', 10000, 15000, 50000, 35000, 5000, 'sukses'),
(16, '02150900', 012, '2019-02-15 11:09:00', 15000, 18000, 18000, 0, 3000, 'sukses'),
(17, '02150633', 012, '2019-02-15 12:06:33', 14000, 18000, 50000, 32000, 4000, 'sukses'),
(18, '02153244', 012, '2019-02-15 12:32:44', 15000, 19000, 20000, 1000, 4000, 'sukses'),
(19, '02153104', 013, '2019-02-15 15:31:04', 54800, 91500, 100000, 8500, 36700, 'sukses'),
(20, '02153418', 013, '2019-02-15 15:34:18', 76300, 120500, 121000, 500, 44200, 'sukses'),
(21, '02153542', 013, '2019-02-15 15:35:42', 15500, 19000, 20000, 1000, 3500, 'sukses'),
(22, '02153555', 013, '2019-02-15 15:35:55', 0, 0, 20000, 1000, 19000, 'sukses'),
(23, '02153626', 013, '2019-02-15 15:36:26', 15500, 19000, 20000, 1000, 3500, 'sukses'),
(24, '02155733', 013, '2019-02-15 15:57:33', 4000, 6500, 7000, 500, 2500, 'sukses'),
(25, '02150620', 013, '2019-02-15 16:06:20', 4000, 5000, 5000, 0, 1000, 'sukses'),
(26, '02151913', 013, '2019-02-15 16:19:13', 40000, 49460, 100000, 50540, 9460, 'sukses'),
(27, '02152044', 013, '2019-02-15 16:20:44', 40000, -16000, 100000, 50540, 9460, 'sukses'),
(28, '02152119', 013, '2019-02-15 16:21:19', 3000, 5500, 10000, 4500, 2500, 'sukses'),
(29, '02152857', 013, '2019-02-15 16:28:57', 10000, 14500, 100000, 85500, 4500, 'sukses'),
(30, '02153850', 013, '2019-02-15 16:38:50', 17500, 19500, 50000, 30500, 2000, 'sukses'),
(31, '02155117', 013, '2019-02-15 16:51:17', 8000, 11000, 51000, 40000, 3000, 'sukses'),
(32, '02150557', 013, '2019-02-15 17:05:57', 18000, 0, 20000, 0, 2000, 'sukses'),
(33, '02150829', 013, '2019-02-15 17:08:29', 16000, 18000, 20000, 2000, 2000, 'sukses'),
(34, '02151904', 013, '2019-02-15 17:19:04', 8500, 11000, 11000, 0, 2500, 'sukses'),
(35, '02152234', 013, '2019-02-15 17:22:34', 23500, 30000, 30000, 0, 6500, 'sukses'),
(36, '02153931', 013, '2019-02-15 17:39:31', 25000, 42000, 50000, 8000, 17000, 'sukses'),
(37, '02150350', 013, '2019-02-15 18:03:50', 8000, 10000, 10000, 0, 2000, 'sukses'),
(38, '02150436', 013, '2019-02-15 18:04:36', 10000, 14000, 15000, 1000, 4000, 'sukses'),
(39, '02151054', 013, '2019-02-15 18:10:54', 45000, 0, 100000, 33000, 22000, 'sukses'),
(40, '02151123', 013, '2019-02-15 18:11:23', 15000, 17000, 20000, 3000, 2000, 'sukses'),
(41, '02151458', 013, '2019-02-15 18:14:58', 1500, 2000, 2000, 0, 500, 'sukses'),
(42, '02151857', 013, '2019-02-15 18:18:57', 20000, 0, 30000, 4000, 6000, 'sukses'),
(43, '02154557', 013, '2019-02-15 18:45:57', 13000, 17000, 50000, 33000, 4000, 'sukses'),
(44, '02155045', 013, '2019-02-15 18:50:45', 1800, 21000, 21000, 0, 19200, 'sukses'),
(45, '02152602', 013, '2019-02-15 19:26:02', 10000, 12500, 15000, 0, 2500, 'sukses'),
(46, '02152950', 013, '2019-02-15 19:29:50', 10000, 0, 15000, 0, 4500, 'sukses'),
(47, '02154556', 013, '2019-02-15 19:45:56', 19000, 23000, 23000, -3000, 4000, 'sukses'),
(48, '02154850', 013, '2019-02-15 19:48:50', 10000, 12500, 12500, 0, 2500, 'sukses'),
(49, '02155804', 013, '2019-02-15 19:58:04', 3500, 5000, 5000, 0, 1500, 'sukses'),
(50, '02150358', 013, '2019-02-15 21:03:58', 72000, 88500, 100000, 11500, 16500, 'sukses'),
(51, '02165304', 013, '2019-02-16 08:53:04', 8000, 10000, 10000, 0, 2000, 'sukses'),
(52, '02161616', 013, '2019-02-16 09:16:16', 13500, 18500, 20000, 1500, 5000, 'sukses'),
(53, '02161636', 013, '2019-02-16 09:16:36', 4500, 6000, 10000, 0, 1500, 'sukses'),
(54, '02161832', 013, '2019-02-16 09:18:32', 28000, 32000, 50000, 0, 4000, 'sukses'),
(55, '02161900', 013, '2019-02-16 09:19:00', 18000, 24000, 0, 0, 6000, 'sukses'),
(56, '02162526', 013, '2019-02-16 09:25:26', 52000, 0, 100000, 46000, 2000, 'sukses'),
(57, '02164723', 013, '2019-02-16 09:47:23', 7000, 8000, 10000, 2000, 1000, 'sukses'),
(58, '02165047', 013, '2019-02-16 09:50:47', 48000, 10000, 100000, 0, 6500, 'sukses'),
(59, '02160615', 013, '2019-02-16 10:06:15', 10000, 14500, 15000, 500, 4500, 'sukses'),
(60, '02164521', 013, '2019-02-16 10:45:21', 4000, 6000, 0, 0, 2000, 'sukses'),
(61, '02160750', 013, '2019-02-16 15:07:50', 112500, 138000, 138000, 0, 25500, 'sukses'),
(62, '02161101', 013, '2019-02-16 15:11:01', 64000, 81500, 85000, 3500, 17500, 'sukses'),
(63, '02161219', 013, '2019-02-16 15:12:19', 42500, 55500, 56000, 500, 13000, 'sukses'),
(64, '02162124', 013, '2019-02-16 15:21:24', 20000, 26000, 26000, 0, 6000, 'sukses'),
(65, '02162205', 013, '2019-02-16 15:22:05', 9000, 10000, 10000, 0, 1000, 'sukses'),
(66, '02164422', 013, '2019-02-16 15:44:22', 2000, 3000, 3000, 0, 1000, 'sukses'),
(67, '02164536', 013, '2019-02-16 15:45:36', 40000, 51000, 52000, 1000, 11000, 'sukses'),
(68, '02164814', 013, '2019-02-16 15:48:14', 10000, 14500, 14500, 0, 4500, 'sukses'),
(69, '02165743', 013, '2019-02-16 15:57:43', 4000, 5000, 5000, 0, 1000, 'sukses'),
(70, '02160355', 013, '2019-02-16 16:03:55', 26000, 29000, 100000, 71000, 3000, 'sukses'),
(71, '02161433', 013, '2019-02-16 16:14:33', 10000, 22000, 22000, 0, 12000, 'sukses'),
(72, '02162626', 013, '2019-02-16 16:26:26', 12500, 14500, 20000, 5500, 2000, 'sukses'),
(73, '02163520', 013, '2019-02-16 16:35:20', 14000, 16500, 16500, 0, 2500, 'sukses'),
(74, '02164947', 013, '2019-02-16 16:49:47', 4000, 6500, 10000, 3500, 2500, 'sukses'),
(75, '02160046', 013, '2019-02-16 17:00:46', 14000, 19500, 20000, 500, 5500, 'sukses'),
(76, '02161659', 013, '2019-02-16 17:16:59', 37500, 44500, 50000, 5500, 7000, 'sukses'),
(77, '02161900', 013, '2019-02-16 17:19:00', 9000, 10000, 10000, 0, 1000, 'sukses'),
(78, '02161957', 013, '2019-02-16 17:19:57', 10000, 11000, 20000, 9000, 1000, 'sukses'),
(79, '02163757', 013, '2019-02-16 17:37:57', 14000, 18000, 20000, 2000, 4000, 'sukses'),
(80, '02164129', 013, '2019-02-16 17:41:29', 8000, 12500, 50000, 37500, 4500, 'sukses'),
(81, '02165245', 013, '2019-02-16 17:52:45', 14000, 19000, 100000, 81000, 5000, 'sukses'),
(82, '02165410', 013, '2019-02-16 17:54:10', 8500, 11000, 11000, 0, 2500, 'sukses'),
(83, '02165818', 013, '2019-02-16 17:58:18', 4000, 6000, 6000, 0, 2000, 'sukses'),
(84, '02165851', 013, '2019-02-16 17:58:51', 4000, 5000, 6000, 1000, 1000, 'sukses'),
(85, '02160121', 013, '2019-02-16 18:01:21', 14000, 16500, 17000, 0, 2500, 'sukses'),
(86, '02174630', 013, '2019-02-17 08:46:30', 12000, 16500, 20000, 3500, 4500, 'sukses'),
(87, '02174725', 013, '2019-02-17 08:47:25', 8000, 10000, 10000, 0, 2000, 'sukses'),
(88, '02175503', 013, '2019-02-17 08:55:03', 16500, 23000, 25000, 2000, 6500, 'sukses'),
(89, '02173906', 013, '2019-02-17 09:39:06', 10000, 12500, 50000, 37500, 2500, 'sukses'),
(90, '02175155', 013, '2019-02-17 10:51:55', 25000, 0, 50000, 15000, 10000, 'sukses'),
(91, '02175657', 013, '2019-02-17 10:56:57', 28000, 0, 50000, 15000, 7000, 'sukses'),
(92, '02172550', 013, '2019-02-17 11:25:50', 16500, 21000, 21000, 0, 4500, 'sukses'),
(93, '02172907', 013, '2019-02-17 11:29:07', 10000, 14000, 20000, 6000, 4000, 'sukses'),
(94, '02173129', 013, '2019-02-17 11:31:29', 6000, 8000, 10000, 2000, 2000, 'sukses'),
(95, '02173209', 013, '2019-02-17 11:32:09', 9000, 12000, 20000, 8000, 3000, 'sukses'),
(96, '02174107', 013, '2019-02-17 11:41:07', 5000, 8500, 50000, 41500, 3500, 'sukses'),
(97, '02174249', 013, '2019-02-17 11:42:49', 2000, 3000, 5000, 2000, 1000, 'sukses'),
(98, '02170540', 013, '2019-02-17 12:05:40', 32000, 0, 50000, 17000, 1000, 'sukses'),
(99, '02170626', 013, '2019-02-17 12:06:26', 10000, 12500, 12500, 0, 2500, 'sukses'),
(100, '02171302', 013, '2019-02-17 12:13:02', 3000, 4000, 5000, 1000, 1000, 'sukses'),
(101, '02174301', 013, '2019-02-17 12:43:01', 14500, 18500, 20000, 1500, 4000, 'sukses'),
(102, '02174350', 013, '2019-02-17 12:43:50', 14500, 0, 101500, 83000, 4000, 'sukses'),
(103, '02172820', 013, '2019-02-17 15:28:20', 112800, 174500, 180000, 5500, 61700, 'sukses'),
(104, '02172903', 013, '2019-02-17 15:29:03', 9000, 12000, 12000, 0, 3000, 'sukses'),
(105, '02173128', 013, '2019-02-17 15:31:28', 15000, 18000, 50000, 32000, 3000, 'sukses'),
(106, '02173511', 013, '2019-02-17 15:35:11', 9000, 10000, 100000, 90000, 1000, 'sukses'),
(107, '02175019', 013, '2019-02-17 16:50:19', 11000, 14000, 20000, 6000, 3000, 'sukses'),
(108, '02175104', 013, '2019-02-17 16:51:04', 11000, 14000, 14000, 0, 3000, 'sukses'),
(109, '02175616', 013, '2019-02-17 16:56:16', 14000, 16000, 20000, 4000, 2000, 'sukses'),
(110, '02170114', 013, '2019-02-17 17:01:14', 2000, 3000, 10000, 7000, 1000, 'sukses'),
(111, '02171105', 013, '2019-02-17 17:11:05', 22000, 25000, 25000, 0, 3000, 'sukses'),
(112, '02173350', 013, '2019-02-17 17:33:50', 26000, 29000, 50000, 21000, 3000, 'sukses'),
(113, '02174513', 013, '2019-02-17 17:45:13', 3000, 6000, 6000, 0, 3000, 'sukses'),
(114, '02175749', 013, '2019-02-17 17:57:49', 28000, 31500, 50000, 18500, 3500, 'sukses'),
(115, '02170900', 013, '2019-02-17 18:09:00', 10000, 16000, 50000, 34000, 6000, 'sukses'),
(116, '02181137', 012, '2019-02-18 10:11:37', 777800, 974500, 974500, 0, 196700, 'sukses'),
(117, '02182300', 012, '2019-02-18 10:23:00', 200000, 233500, 233500, 0, 33500, 'sukses'),
(118, '02182849', 012, '2019-02-18 10:28:49', 14000, 17000, 17000, 0, 3000, 'sukses'),
(119, '02183530', 012, '2019-02-18 10:35:30', 9000, 11000, 11000, 0, 2000, 'sukses'),
(120, '02184232', 012, '2019-02-18 10:42:32', 40000, 50000, 50000, 0, 10000, 'sukses'),
(121, '02181422', 012, '2019-02-18 14:14:22', 173000, 218000, 218000, 0, 45000, 'sukses'),
(122, '02183516', 012, '2019-02-18 16:35:16', 49500, 63500, 63500, 0, 14000, 'sukses'),
(123, '02184501', 012, '2019-02-18 16:45:01', 7000, 10000, 10000, 0, 3000, 'sukses'),
(124, '02184930', 012, '2019-02-18 16:49:30', 0, 0, 28500, 0, 0, 'sukses'),
(125, '02184944', 012, '2019-02-18 16:49:44', 23000, 28500, 28500, 0, 5500, 'sukses'),
(126, '02181455', 013, '2019-02-18 19:14:55', 32000, 40500, 50000, 0, 8500, 'sukses'),
(127, '02181605', 013, '2019-02-18 19:16:05', 1600, 2000, 2000, 0, 400, 'sukses'),
(128, '02182635', 013, '2019-02-18 19:26:35', 19500, 24500, 50000, 25500, 5000, 'sukses'),
(129, '02183229', 013, '2019-02-18 19:32:29', 246600, 299500, 300000, 500, 52900, 'sukses'),
(130, '02183329', 013, '2019-02-18 19:33:29', 4500, 6000, 10000, 4000, 1500, 'sukses'),
(131, '02184227', 013, '2019-02-18 19:42:27', 0, 0, 60000, 8000, 0, 'sukses'),
(132, '02185003', 013, '2019-02-18 19:50:03', 6500, 9000, 9000, 0, 2500, 'sukses'),
(133, '02185024', 013, '2019-02-18 19:50:24', 6500, 8500, 10000, 1500, 2000, 'sukses'),
(134, '02185133', 013, '2019-02-18 19:51:33', 14000, 21000, 21000, 0, 7000, 'sukses'),
(135, '02185741', 013, '2019-02-18 19:57:41', 23500, 29000, 100000, 71000, 5500, 'sukses'),
(136, '02180526', 013, '2019-02-18 20:05:26', 26000, 29000, 30000, 1000, 3000, 'sukses'),
(137, '02181134', 013, '2019-02-18 20:11:34', 0, 0, 100000, 55000, 0, 'sukses'),
(138, '02181217', 013, '2019-02-18 20:12:17', 10000, 12500, 12500, 0, 2500, 'sukses'),
(139, '02182926', 013, '2019-02-18 20:29:26', 19500, 24500, 100000, 75500, 5000, 'sukses'),
(140, '02183107', 013, '2019-02-18 20:31:07', 7500, 11000, 50000, 39000, 3500, 'sukses'),
(141, '02183209', 013, '2019-02-18 20:32:09', 5000, 7000, 7000, 0, 2000, 'sukses'),
(142, '02183421', 013, '2019-02-18 20:34:21', 23500, 30000, 50000, 20000, 6500, 'sukses'),
(143, '02183458', 013, '2019-02-18 20:34:58', 20000, 29000, 100000, 71000, 9000, 'sukses'),
(144, '02185354', 013, '2019-02-18 20:53:54', 10000, 16000, 50000, 34000, 6000, 'sukses'),
(145, '02185450', 013, '2019-02-18 20:54:50', 0, 0, 16000, 0, 0, 'sukses'),
(146, '02185617', 013, '2019-02-18 20:56:17', 9200, 13000, 15000, 2000, 3800, 'sukses'),
(147, '02181720', 013, '2019-02-18 21:17:20', 1600, 2000, 2000, 0, 400, 'sukses'),
(148, '02182642', 013, '2019-02-18 21:26:42', 23000, 27500, 27500, 0, 4500, 'sukses'),
(149, '02182916', 013, '2019-02-18 21:29:16', 3500, 5000, 5000, 0, 1500, 'sukses'),
(150, '02183709', 013, '2019-02-18 21:37:09', 4000, 5500, 6000, 500, 1500, 'sukses'),
(151, '02190129', 012, '2019-02-19 09:01:29', 2000, 3000, 3000, 0, 1000, 'sukses'),
(152, '02191403', 012, '2019-02-19 09:14:03', 9000, 13000, 13000, 0, 4000, 'sukses'),
(153, '02194540', 012, '2019-02-19 09:45:40', 10000, 15000, 15000, 0, 5000, 'sukses'),
(154, '02190117', 012, '2019-02-19 10:01:17', 15000, 20000, 20000, 0, 5000, 'sukses'),
(155, '02191237', 012, '2019-02-19 10:12:37', 10000, 13000, 13000, 0, 3000, 'sukses'),
(156, '02193726', 012, '2019-02-19 10:37:26', 11000, 13500, 100000, 86500, 2500, 'sukses'),
(157, '02191222', 012, '2019-02-19 11:12:22', 20000, 25000, 50000, 25000, 5000, 'sukses'),
(158, '02193652', 012, '2019-02-19 11:36:52', 8000, 15000, 20000, 5000, 7000, 'sukses'),
(159, '02195826', 012, '2019-02-19 11:58:26', 14000, 18000, 100000, 82000, 4000, 'sukses'),
(160, '02195246', 012, '2019-02-19 13:52:46', 3000, 6000, 10000, 4000, 3000, 'sukses'),
(161, '02191040', 012, '2019-02-19 14:10:40', 12000, 16500, 50000, 33500, 4500, 'sukses'),
(162, '02192047', 012, '2019-02-19 14:20:47', 1000, 2000, 2000, 0, 1000, 'sukses'),
(163, '02193147', 013, '2019-02-19 15:31:47', 25500, 37000, 50000, 13000, 11500, 'sukses'),
(164, '02193520', 013, '2019-02-19 15:35:20', 12500, 16000, 50000, 34000, 3500, 'sukses'),
(165, '02192325', 013, '2019-02-19 17:23:25', 0, 0, 0, 0, 0, 'sukses'),
(166, '02190805', 013, '2019-02-19 19:08:05', 154000, 187200, 190000, 2800, 33200, 'sukses'),
(167, '02191357', 013, '2019-02-19 19:13:57', 15000, 19000, 20000, 1000, 4000, 'sukses'),
(168, '02192921', 013, '2019-02-19 19:29:21', 8000, 10000, 10000, 0, 2000, 'sukses'),
(169, '02193344', 013, '2019-02-19 19:33:44', 7500, 12000, 15000, 3000, 4500, 'sukses'),
(170, '02193441', 013, '2019-02-19 19:34:41', 26500, 33500, 33500, 0, 7000, 'sukses'),
(171, '02194036', 013, '2019-02-19 19:40:36', 16000, 24000, 25000, 1000, 8000, 'sukses'),
(172, '02194736', 013, '2019-02-19 19:47:36', 97000, 137500, 150000, 12500, 40500, 'sukses'),
(173, '02195532', 013, '2019-02-19 19:55:32', 8500, 13000, 50000, 37000, 4500, 'sukses'),
(174, '02191103', 013, '2019-02-19 20:11:03', 16000, 20000, 20000, 0, 4000, 'sukses'),
(175, '02191208', 013, '2019-02-19 20:12:08', 4400, 6500, 6500, 0, 2100, 'sukses'),
(176, '02192546', 013, '2019-02-19 20:25:46', 14000, 16000, 20000, 4000, 2000, 'sukses'),
(177, '02192841', 013, '2019-02-19 20:28:41', 10600, 14500, 100000, 85500, 3900, 'sukses'),
(178, '02191108', 013, '2019-02-19 21:11:08', 26000, 34000, 50000, 16000, 8000, 'sukses'),
(179, '02191713', 013, '2019-02-19 21:17:13', 4600, 6500, 10000, 3500, 1900, 'sukses'),
(180, '02192018', 013, '2019-02-19 21:20:18', 9500, 12000, 12000, 0, 2500, 'sukses'),
(181, '02200150', 013, '2019-02-20 09:01:50', 2000, 4000, 4000, 0, 2000, 'sukses'),
(182, '02200336', 013, '2019-02-20 09:03:36', 5500, 7000, 11000, 0, 1500, 'sukses'),
(183, '02201913', 013, '2019-02-20 09:19:13', 18500, 25000, 25000, 0, 6500, 'sukses'),
(184, '02202908', 013, '2019-02-20 09:29:08', 5000, 8000, 50000, 42000, 3000, 'sukses'),
(185, '02203521', 013, '2019-02-20 09:35:21', 10000, 16000, 16000, 0, 6000, 'sukses'),
(186, '02204720', 013, '2019-02-20 09:47:20', 4500, 6500, 10000, 3500, 2000, 'sukses'),
(187, '02205259', 013, '2019-02-20 09:52:59', 8600, 12000, 20000, 8000, 3400, 'sukses'),
(188, '02203103', 013, '2019-02-20 10:31:03', 16500, 21000, 50000, 29000, 4500, 'sukses'),
(189, '02203955', 013, '2019-02-20 11:39:55', 4000, 4000, 10000, 6000, 0, 'sukses'),
(190, '02201658', 012, '2019-02-20 15:16:58', 91000, 119000, 120000, 1000, 28000, 'sukses'),
(191, '02204426', 012, '2019-02-20 15:44:26', 3000, 5000, 10000, 5000, 2000, 'sukses'),
(192, '02204805', 012, '2019-02-20 15:48:05', 15000, 19000, 20000, 1000, 4000, 'sukses'),
(193, '02205039', 012, '2019-02-20 15:50:39', 26500, 29000, 30000, 1000, 2500, 'sukses'),
(194, '02200334', 012, '2019-02-20 16:03:34', 8500, 12000, 12000, 0, 3500, 'sukses'),
(195, '02200644', 012, '2019-02-20 16:06:44', 26000, 29000, 30000, 1000, 3000, 'sukses'),
(196, '02202606', 012, '2019-02-20 16:26:06', 31000, 40000, 50000, 10000, 9000, 'sukses'),
(197, '02204059', 012, '2019-02-20 16:40:59', 22000, 24000, 50000, 26000, 2000, 'sukses'),
(198, '02200114', 012, '2019-02-20 17:01:14', 26000, 31500, 50000, 18500, 5500, 'sukses'),
(199, '02200753', 012, '2019-02-20 17:07:53', 21000, 25500, 26000, 500, 4500, 'sukses'),
(200, '02204236', 012, '2019-02-20 17:42:36', 65000, 76500, 100000, 23500, 11500, 'sukses'),
(201, '02204933', 012, '2019-02-20 17:49:33', 48000, 58000, 100000, 42000, 10000, 'sukses'),
(202, '02205110', 012, '2019-02-20 17:51:10', 8500, 11000, 11000, 0, 2500, 'sukses'),
(203, '02200523', 012, '2019-02-20 18:05:23', 6000, 9000, 20000, 11000, 3000, 'sukses'),
(204, '02201159', 012, '2019-02-20 18:11:59', 4600, 6500, 10000, 3500, 1900, 'sukses'),
(205, '02201610', 012, '2019-02-20 18:16:10', 6000, 8000, 10000, 2000, 2000, 'sukses'),
(206, '02201818', 012, '2019-02-20 18:18:18', 3500, 6000, 10000, 4000, 2500, 'sukses'),
(207, '02202148', 012, '2019-02-20 18:21:48', 45000, 50000, 50000, 0, 5000, 'sukses'),
(208, '02202317', 012, '2019-02-20 18:23:17', 16000, 20000, 20000, 0, 4000, 'sukses'),
(209, '02205453', 012, '2019-02-20 18:54:53', 34000, 45000, 45000, 0, 11000, 'sukses'),
(210, '02205758', 012, '2019-02-20 18:57:58', 5000, 7500, 7500, 0, 2500, 'sukses'),
(211, '02200641', 012, '2019-02-20 19:06:41', 6500, 7000, 10000, 3000, 500, 'sukses'),
(212, '02201218', 012, '2019-02-20 19:12:18', 11500, 14500, 14500, 0, 3000, 'sukses'),
(213, '02203138', 012, '2019-02-20 19:31:38', 12000, 15000, 15000, 0, 3000, 'sukses'),
(214, '02200002', 012, '2019-02-20 20:00:02', 12500, 16000, 16000, 0, 3500, 'sukses'),
(215, '02202000', 012, '2019-02-20 20:20:00', 15000, 19000, 19000, 0, 4000, 'sukses'),
(216, '02203059', 012, '2019-02-20 20:30:59', 5000, 6000, 10000, 4000, 1000, 'sukses'),
(217, '02203617', 012, '2019-02-20 20:36:17', 10600, 14000, 14000, 0, 3400, 'sukses'),
(218, '02205358', 012, '2019-02-20 20:53:58', 4000, 5000, 5000, 0, 1000, 'sukses'),
(219, '02205724', 012, '2019-02-20 20:57:24', 10000, 16000, 20000, 4000, 6000, 'sukses'),
(220, '02201934', 012, '2019-02-20 21:19:34', 3000, 4000, 4000, 0, 1000, 'sukses'),
(221, '02202255', 012, '2019-02-20 21:22:55', 12000, 14000, 14000, 0, 2000, 'sukses'),
(222, '02202949', 012, '2019-02-20 21:29:49', 20000, 27500, 50000, 22500, 7500, 'sukses'),
(223, '02215352', 013, '2019-02-21 08:53:52', 10000, 14500, 14500, 0, 4500, 'sukses'),
(224, '02215609', 013, '2019-02-21 08:56:09', 30000, 32500, 35000, 2500, 2500, 'sukses'),
(225, '02212820', 013, '2019-02-21 09:28:20', 11000, 14000, 100000, 86000, 3000, 'sukses'),
(226, '02214615', 013, '2019-02-21 09:46:15', 1500, 2000, 2000, 0, 500, 'sukses'),
(227, '02215511', 013, '2019-02-21 09:55:11', 9000, 10000, 10000, 0, 1000, 'sukses'),
(228, '02210126', 013, '2019-02-21 10:01:26', 20000, 30000, 30000, 0, 10000, 'sukses'),
(229, '02212444', 013, '2019-02-21 10:24:44', 6900, 10500, 12000, 1500, 3600, 'sukses'),
(230, '02213825', 013, '2019-02-21 10:38:25', 10000, 14000, 20000, 6000, 4000, 'sukses'),
(231, '02213314', 013, '2019-02-21 12:33:14', 15000, 19000, 100000, 81000, 4000, 'sukses'),
(232, '02215321', 013, '2019-02-21 12:53:21', 12000, 18000, 20000, 2000, 6000, 'sukses'),
(233, '02214908', 013, '2019-02-21 13:49:08', 8000, 10000, 50000, 40000, 2000, 'sukses'),
(234, '02210059', 013, '2019-02-21 14:00:59', 9000, 12000, 12000, 0, 3000, 'sukses'),
(235, '02214044', 013, '2019-02-21 14:40:44', 45500, 60500, 150000, 31000, 15000, 'sukses'),
(236, '02210439', 013, '2019-02-21 15:04:39', 7500, 9000, 9000, 0, 1500, 'sukses'),
(237, '02211342', 012, '2019-02-21 15:13:42', 19000, 25000, 50000, 25000, 6000, 'sukses'),
(238, '02211804', 012, '2019-02-21 15:18:04', 66000, 87000, 100000, 13000, 21000, 'sukses'),
(239, '02213041', 012, '2019-02-21 15:30:41', 12000, 16500, 20000, 3500, 4500, 'sukses'),
(240, '02211316', 012, '2019-02-21 16:13:16', 17000, 22000, 22000, 0, 5000, 'sukses'),
(241, '02211531', 012, '2019-02-21 16:15:31', 24500, 31000, 31000, 0, 6500, 'sukses'),
(242, '02215954', 012, '2019-02-21 18:59:54', 43000, 53000, 53000, 0, 10000, 'sukses'),
(243, '02210703', 012, '2019-02-21 19:07:03', 6600, 9500, 50000, 40500, 2900, 'sukses'),
(244, '02210810', 012, '2019-02-21 19:08:10', 135000, 142500, 150000, 7500, 7500, 'sukses'),
(245, '02214744', 012, '2019-02-21 19:47:44', 92500, 121000, 121000, 0, 28500, 'sukses'),
(246, '02210259', 012, '2019-02-21 20:02:59', 3500, 6000, 6000, 0, 2500, 'sukses'),
(247, '02210610', 012, '2019-02-21 20:06:10', 29000, 36500, 40000, 3500, 7500, 'sukses'),
(248, '02212922', 012, '2019-02-21 20:29:22', 30500, 39000, 39000, 0, 8500, 'sukses'),
(249, '02213651', 012, '2019-02-21 20:36:51', 24000, 31500, 50000, 18500, 7500, 'sukses'),
(250, '02215652', 012, '2019-02-21 20:56:52', 25500, 35000, 35000, 0, 9500, 'sukses'),
(251, '02210726', 012, '2019-02-21 21:07:26', 20000, 25000, 25000, 0, 5000, 'sukses'),
(252, '02210954', 012, '2019-02-21 21:09:54', 4000, 5000, 5000, 0, 1000, 'sukses'),
(253, '02211449', 012, '2019-02-21 21:14:49', 4000, 5000, 10000, 5000, 1000, 'sukses'),
(254, '02225714', 013, '2019-02-22 08:57:14', 9000, 12000, 15000, 3000, 3000, 'sukses'),
(255, '02223725', 013, '2019-02-22 09:37:25', 13000, 16500, 17000, 500, 3500, 'sukses'),
(256, '02224052', 013, '2019-02-22 09:40:52', 14000, 16000, 16000, 0, 2000, 'sukses'),
(257, '02224216', 013, '2019-02-22 09:42:16', 18000, 25000, 100000, 75000, 7000, 'sukses'),
(258, '02223020', 013, '2019-02-22 10:30:20', 13000, 18000, 20000, 2000, 5000, 'sukses'),
(259, '02225042', 013, '2019-02-22 10:50:42', 22000, 28000, 50000, 22000, 6000, 'sukses'),
(260, '02224653', 013, '2019-02-22 11:46:53', 10000, 12000, 15000, 3000, 2000, 'sukses'),
(261, '02223041', 013, '2019-02-22 13:30:41', 15000, 17500, 20000, 2500, 2500, 'sukses'),
(262, '02223221', 013, '2019-02-22 13:32:21', 12550, 17000, 17000, 0, 4450, 'sukses'),
(263, '02224345', 013, '2019-02-22 13:43:45', 24500, 32500, 50000, 17500, 8000, 'sukses'),
(264, '02225438', 013, '2019-02-22 13:54:38', 0, 0, 0, 0, 0, 'sukses'),
(265, '02221751', 013, '2019-02-22 19:17:51', 150500, 200190, 220000, 19810, 49690, 'sukses'),
(266, '02222740', 013, '2019-02-22 19:27:40', 153950, 202500, 210000, 7500, 48550, 'sukses'),
(267, '02222922', 013, '2019-02-22 19:29:22', 30000, 39000, 40000, 1000, 9000, 'sukses'),
(268, '02224105', 013, '2019-02-22 19:41:05', 17000, 20000, 20000, 0, 3000, 'sukses'),
(269, '02224446', 013, '2019-02-22 19:44:46', 26500, 29000, 30000, 1000, 2500, 'sukses'),
(270, '02224741', 013, '2019-02-22 19:47:41', 30000, 35000, 100000, 65000, 5000, 'sukses'),
(271, '02225003', 013, '2019-02-22 19:50:03', 16000, 21000, 22000, 1000, 5000, 'sukses'),
(272, '02225708', 013, '2019-02-22 19:57:08', 6100, 9000, 10000, 1000, 2900, 'sukses'),
(273, '02225921', 013, '2019-02-22 19:59:21', 0, 0, 100000, 39500, 0, 'sukses'),
(274, '02221055', 013, '2019-02-22 20:10:55', 12550, 17000, 20000, 3000, 4450, 'sukses'),
(275, '02221257', 013, '2019-02-22 20:12:57', 33000, 42500, 50000, 7500, 9500, 'sukses'),
(276, '02222655', 013, '2019-02-22 20:26:55', 3000, 4000, 5000, 1000, 1000, 'sukses'),
(277, '02222906', 013, '2019-02-22 20:29:06', 5000, 7000, 10000, 3000, 2000, 'sukses'),
(278, '02224405', 013, '2019-02-22 20:44:05', 17000, 17500, 20000, 2500, 500, 'sukses'),
(279, '02220226', 013, '2019-02-22 21:02:26', 0, 0, 25000, 1500, 0, 'sukses'),
(280, '02220557', 013, '2019-02-22 21:05:57', 12550, 17000, 17000, 0, 4450, 'sukses'),
(281, '02220908', 013, '2019-02-22 21:09:08', 2300, 3500, 5000, 1500, 1200, 'sukses'),
(282, '02221016', 013, '2019-02-22 21:10:16', 28300, 38000, 100000, 62000, 9700, 'sukses'),
(283, '02221148', 013, '2019-02-22 21:11:48', 6000, 9000, 10000, 1000, 3000, 'sukses'),
(284, '02221426', 013, '2019-02-22 21:14:26', 0, 0, 40000, 2500, 0, 'sukses'),
(285, '02223033', 013, '2019-02-22 21:30:33', 14000, 18000, 50000, 32000, 4000, 'sukses'),
(286, '02235503', 013, '2019-02-23 08:55:03', 18000, 23000, 50000, 27000, 5000, 'sukses'),
(287, '02230410', 013, '2019-02-23 09:04:10', 1600, 2000, 2000, 0, 400, 'sukses'),
(288, '02231948', 013, '2019-02-23 09:19:48', 9000, 10000, 50000, 40000, 1000, 'sukses'),
(289, '02232106', 013, '2019-02-23 09:21:06', 7000, 10000, 10000, 0, 3000, 'sukses'),
(290, '02233403', 013, '2019-02-23 10:34:03', 4500, 6000, 10000, 4000, 1500, 'sukses'),
(291, '02231507', 013, '2019-02-23 11:15:07', 12000, 14000, 20000, 6000, 2000, 'sukses'),
(292, '02233954', 013, '2019-02-23 11:39:54', 18000, 23000, 25000, 2000, 5000, 'sukses'),
(293, '02230155', 013, '2019-02-23 12:01:55', 5000, 7500, 7500, 0, 2500, 'sukses'),
(294, '02230242', 013, '2019-02-23 12:02:42', 4000, 5000, 5000, 0, 1000, 'sukses'),
(295, '02233147', 013, '2019-02-23 12:31:47', 3000, 5000, 5000, 0, 2000, 'sukses'),
(296, '02234326', 013, '2019-02-23 12:43:26', 1600, 2000, 2000, 0, 400, 'sukses'),
(297, '02232510', 013, '2019-02-23 13:25:10', 12800, 17500, 50000, 32500, 4700, 'sukses'),
(298, '02230754', 013, '2019-02-23 14:07:54', 14000, 17000, 17000, 0, 3000, 'sukses'),
(299, '02231008', 013, '2019-02-23 14:10:08', 9500, 13000, 15000, 2000, 3500, 'sukses'),
(300, '02231942', 013, '2019-02-23 14:19:42', 26500, 33500, 50000, 16500, 7000, 'sukses'),
(301, '02232235', 013, '2019-02-23 14:22:35', 12000, 15000, 15000, 0, 3000, 'sukses'),
(302, '02232917', 013, '2019-02-23 14:29:17', 10000, 15000, 15000, 0, 5000, 'sukses'),
(303, '02231051', 013, '2019-02-23 17:10:51', 3000, 4000, 10000, 6000, 1000, 'sukses'),
(304, '02231548', 013, '2019-02-23 17:15:48', 0, 0, 10000, 6000, 0, 'sukses'),
(305, '02232025', 013, '2019-02-23 17:20:25', 0, 0, 184500, 0, 0, 'sukses'),
(306, '02232209', 013, '2019-02-23 17:22:09', 10000, 11000, 50000, 39000, 1000, 'sukses'),
(307, '02232406', 013, '2019-02-23 17:24:06', 0, 0, 20000, 11000, 0, 'sukses'),
(308, '02232414', 013, '2019-02-23 17:24:14', 7000, 9000, 20000, 11000, 2000, 'sukses'),
(309, '02232703', 013, '2019-02-23 17:27:03', 10000, 16000, 20000, 4000, 6000, 'sukses'),
(310, '02233057', 013, '2019-02-23 17:30:57', 148250, 189500, 189500, 0, 41250, 'sukses'),
(311, '02234317', 013, '2019-02-23 17:43:17', 21000, 24000, 100000, 76000, 3000, 'sukses'),
(312, '02235446', 013, '2019-02-23 17:54:46', 16850, 22000, 50000, 28000, 5150, 'sukses'),
(313, '02235558', 013, '2019-02-23 17:55:58', 24500, 29000, 100000, 71000, 4500, 'sukses'),
(314, '02235629', 013, '2019-02-23 17:56:29', 38000, 41000, 71000, 30000, 3000, 'sukses'),
(315, '02233333', 012, '2019-02-23 18:33:33', 36000, 45000, 45000, 0, 9000, 'sukses'),
(316, '02234629', 012, '2019-02-23 18:46:29', 18500, 25000, 50000, 25000, 6500, 'sukses'),
(317, '02235900', 012, '2019-02-23 18:59:00', 80500, 94000, 94000, 0, 13500, 'sukses'),
(318, '02231044', 012, '2019-02-23 19:10:44', 55000, 69000, 100000, 31000, 14000, 'sukses'),
(319, '02231452', 012, '2019-02-23 19:14:52', 13100, 17500, 50000, 32500, 4400, 'sukses'),
(320, '02231714', 012, '2019-02-23 19:17:14', 64000, 80000, 100000, 20000, 16000, 'sukses'),
(321, '02230255', 012, '2019-02-23 20:02:55', 15000, 17000, 50000, 33000, 2000, 'sukses'),
(322, '02230347', 012, '2019-02-23 20:03:47', 10000, 12500, 12500, 0, 2500, 'sukses'),
(323, '02233154', 012, '2019-02-23 20:31:54', 4000, 6000, 6000, 0, 2000, 'sukses'),
(324, '02231757', 012, '2019-02-23 21:17:57', 17000, 25000, 25000, 0, 8000, 'sukses'),
(325, '02234857', 012, '2019-02-23 21:48:57', 17050, 23000, 23000, 0, 5950, 'sukses'),
(326, '02244431', 011, '2019-02-24 08:44:31', 13800, 18000, 50000, 32000, 4200, 'sukses'),
(327, '02244638', 011, '2019-02-24 08:46:38', 4500, 6000, 6000, 0, 1500, 'sukses'),
(328, '02241533', 011, '2019-02-24 09:15:33', 28000, 35500, 100000, 64500, 7500, 'sukses'),
(329, '02241646', 011, '2019-02-24 09:16:46', 7000, 8500, 10000, 1500, 1500, 'sukses'),
(330, '02241718', 011, '2019-02-24 09:17:18', 9000, 12000, 12000, 0, 3000, 'sukses'),
(331, '02242114', 011, '2019-02-24 09:21:14', 12550, 17000, 100000, 83000, 4450, 'sukses'),
(332, '02243009', 011, '2019-02-24 09:30:09', 18000, 23500, 100000, 76500, 5500, 'sukses'),
(333, '02243043', 011, '2019-02-24 09:30:43', -18000, 0, 100000, 76500, 18000, 'sukses'),
(334, '02244048', 011, '2019-02-24 09:40:48', 11500, 15500, 20000, 4500, 4000, 'sukses'),
(335, '02244147', 011, '2019-02-24 09:41:47', 3000, 5000, 5000, 0, 2000, 'sukses'),
(336, '02244954', 011, '2019-02-24 09:49:54', 15500, 19500, 20000, 500, 4000, 'sukses'),
(337, '2244955', 007, '2019-04-06 08:44:23', 174000, 184500, 200000, 15500, 10500, 'sukses'),
(338, '2244956', 007, '2019-04-07 21:13:45', 430000, 540000, 550000, 10000, 110000, 'sukses'),
(339, '2244957', 007, '2019-04-08 20:33:58', 130000, 138000, 150000, 12000, 8000, 'sukses'),
(340, '2244958', 007, '2019-04-08 23:27:21', 120000, 155000, 155000, 0, 35000, 'sukses'),
(341, '2244959', 007, '2019-04-11 13:53:13', 150000, 173000, 200000, 27000, 23000, 'sukses'),
(342, '2244960', 007, '2019-04-11 13:53:37', 254000, 308000, 310000, 2000, 54000, 'sukses'),
(343, '2244961', 007, '2019-04-12 11:33:40', 126000, 158000, 160000, 2000, 32000, 'sukses'),
(344, '2244962', 007, '2019-04-13 09:58:12', 12000, 15000, 15000, 0, 3000, 'sukses'),
(345, '2244963', 007, '2019-04-10 10:21:30', 420000, 486000, 500000, 14000, 66000, 'sukses'),
(346, '2244964', 007, '2019-05-10 16:06:15', 16000, 20000, 25000, 5000, 4000, 'sukses'),
(347, '2244965', 007, '2019-05-29 08:24:22', 16000, 20000, 23000, 3000, 4000, 'sukses'),
(348, '2244966', 007, '2019-05-30 12:19:23', 0, 200000, 300000, 100000, 200000, 'sukses'),
(349, '2244967', 007, '2019-05-30 12:19:49', 0, 200000, 300000, 100000, 200000, 'sukses'),
(350, '2244968', 007, '2019-05-30 14:32:08', 0, 4828500, 5000000, 171500, 4828500, 'sukses'),
(351, '2244969', 007, '2019-06-01 00:01:00', 0, 3350, 5000, 1650, 3350, 'sukses'),
(352, '2244970', 007, '2019-06-01 00:03:04', 0, 70000, 80000, 10000, 70000, 'sukses'),
(353, '2244971', 007, '2019-06-01 15:37:21', 30500, 40000, 50000, 10000, 9500, 'sukses'),
(354, '2244972', 007, '2019-06-02 13:38:08', 27000, 42000, 50000, 8000, 15000, 'sukses'),
(355, '2244973', 007, '2019-06-02 13:39:07', 601000, 756000, 1000000, 244000, 155000, 'sukses'),
(356, '2244974', 007, '2019-06-02 14:02:00', 0, 0, 6000, 950, 520, 'sukses'),
(357, '2244975', 007, '2019-06-02 14:25:55', 3775, 4330, 50000, 10670, 555, 'sukses'),
(358, '2244976', 007, '2019-06-02 14:39:32', 122000, 146000, 150000, 4000, 24000, 'sukses'),
(359, '2244977', 007, '2019-06-02 14:39:51', 40000, 50000, 50000, 0, 10000, 'sukses'),
(360, '2244978', 007, '2019-06-02 14:41:05', 24000, 30000, 30000, 0, 6000, 'sukses');

-- --------------------------------------------------------

--
-- Struktur dari tabel `pengaturan`
--

CREATE TABLE `pengaturan` (
  `id` int(3) UNSIGNED ZEROFILL NOT NULL,
  `nama` varchar(150) NOT NULL,
  `alamat` varchar(255) NOT NULL,
  `phone` varchar(14) NOT NULL,
  `logo` varchar(100) NOT NULL
) ENGINE=InnoDB DEFAULT CHARSET=utf8;

--
-- Dumping data untuk tabel `pengaturan`
--

INSERT INTO `pengaturan` (`id`, `nama`, `alamat`, `phone`, `logo`) VALUES
(001, 'Apotek Budi Farma', 'Tajur', '08222222', ''),
(002, 'Apotek Budi Farma', 'Tajur', '081222222222', ''),
(003, 'Apotek Budi Farma', 'sss', 'sss', ''),
(004, 'aaa', 'aaa', 'aaa', ''),
(005, 'Sistem Penjualan Apotek Budi Farma', 'Jl. Tajur No. 287A', '0251 8392032', ''),
(006, 'Eka Maryanti', 'esss', 'aaa', ''),
(007, 'qqq', 'qqq', 'qqq', 'e3a111c3f3fbb90e18c2188a319a3f6c.png'),
(008, 'Sistem Penjualan Apotek Budi Farma', 'Jl. Raya Tajur No. 287A', '0251 8392032', '6cfa16cb13331e34aa6efbe2b5b48655.png'),
(009, 'Apotek Budi Farma 1', 'Jl. Raya Tajur No. 287A', '0251 839-2032', '24c7d34150bd310f031e46b265e441b3.png'),
(010, 'Apotek Budi Farma 1', 'Jl. Raya Tajur No. 287A', '0251 834-5743', 'ed12dab101ce32d90c877692c817db80.png'),
(011, 'Apotek Budi Farma 1', 'Jl. Raya Tajur No. 287A', '0251 834-5743', 'ed16749f757cd8dcba4f9e5cb0b69f58.png'),
(012, 'Apotek Budi Farma 1', 'Jl. Raya Tajur No. 287A', '0251 834-5743', '385ee57e213e8a4c3ad87f0ce304523c.png');

-- --------------------------------------------------------

--
-- Struktur dari tabel `penjualan`
--

CREATE TABLE `penjualan` (
  `id` int(6) UNSIGNED ZEROFILL NOT NULL,
  `kode` varchar(20) NOT NULL,
  `tanggal` datetime DEFAULT NULL,
  `jenis` varchar(15) DEFAULT 'umum',
  `user_id` int(3) UNSIGNED ZEROFILL DEFAULT NULL,
  `pelanggan` varchar(15) DEFAULT 'umum',
  `id_produk` int(6) UNSIGNED ZEROFILL DEFAULT NULL,
  `modal` int(10) DEFAULT NULL,
  `jual` int(10) DEFAULT NULL,
  `jumlah` int(10) DEFAULT NULL,
  `jumlah_modal` int(10) NOT NULL,
  `jumlah_jual` int(10) NOT NULL,
  `status` varchar(10) NOT NULL DEFAULT 'sukses'
) ENGINE=InnoDB DEFAULT CHARSET=utf8;

--
-- Dumping data untuk tabel `penjualan`
--

INSERT INTO `penjualan` (`id`, `kode`, `tanggal`, `jenis`, `user_id`, `pelanggan`, `id_produk`, `modal`, `jual`, `jumlah`, `jumlah_modal`, `jumlah_jual`, `status`) VALUES
(000001, '02125348', '2019-02-12 17:53:48', 'umum', 013, 'umum', 000003, 45000, 52500, 1, 0, 52500, 'batal'),
(000002, '02122415', '2019-02-12 18:24:15', 'umum', 013, 'umum', 000003, 45000, 52500, 1, 0, 52500, 'sukses'),
(000003, '02123514', '2019-02-12 18:35:14', 'umum', 013, 'umum', 000003, 45000, 52500, 1, 0, 52500, 'sukses'),
(000004, '02130823', '2019-02-13 19:08:23', 'umum', 013, 'umum', 000003, 45000, 52500, 1, 0, 52500, 'batal'),
(000005, '02130823', '2019-02-13 19:08:23', 'umum', 013, 'umum', 000115, 100000, 125000, 1, 0, 125000, 'sukses'),
(000006, '02150115', '2019-02-15 09:01:15', 'umum', 012, 'umum', 000878, 2000, 3000, 2, 0, 6000, 'sukses'),
(000011, '02152031', '2019-02-15 09:20:31', 'umum', 012, 'umum', 000640, 10000, 12500, 1, 0, 12500, 'batal'),
(000012, '02150150', '2019-02-15 10:01:50', 'umum', 012, 'umum', 000734, 4500, 6000, 1, 0, 6000, 'sukses'),
(000013, '02153247', '2019-02-15 10:32:47', 'umum', 012, 'umum', 000011, 8500, 9000, 1, 0, 9000, 'sukses'),
(000014, '02153247', '2019-02-15 10:32:47', 'umum', 012, 'umum', 000299, 4000, 5000, 1, 0, 5000, 'sukses'),
(000019, '02154148', '2019-02-15 10:41:48', 'umum', 012, 'umum', 000109, 15000, 17000, 1, 0, 17000, 'batal'),
(000020, '02154152', '2019-02-15 10:41:52', 'umum', 012, 'umum', 000109, 15000, 17000, 1, 0, 17000, 'batal'),
(000021, '02155028', '2019-02-15 10:50:28', 'umum', 012, 'umum', 000491, 10000, 15000, 1, 0, 15000, 'sukses'),
(000022, '02150900', '2019-02-15 11:09:00', 'umum', 012, 'umum', 000770, 15000, 18000, 1, 0, 18000, 'sukses'),
(000023, '02150633', '2019-02-15 12:06:33', 'umum', 012, 'umum', 000301, 7000, 9000, 2, 0, 18000, 'sukses'),
(000024, '02153244', '2019-02-15 12:32:44', 'umum', 012, 'umum', 000415, 1500, 1900, 10, 0, 19000, 'sukses'),
(000025, '02153104', '2019-02-15 15:31:04', 'umum', 013, 'umum', 000865, 1800, 21000, 1, 0, 21000, 'sukses'),
(000026, '02153104', '2019-02-15 15:31:04', 'umum', 013, 'umum', 000307, 8000, 10000, 1, 0, 10000, 'sukses'),
(000027, '02153104', '2019-02-15 15:31:04', 'umum', 013, 'umum', 000878, 2000, 3000, 6, 0, 18000, 'sukses'),
(000028, '02153104', '2019-02-15 15:31:04', 'umum', 013, 'umum', 000089, 12000, 14000, 1, 0, 14000, 'sukses'),
(000029, '02153104', '2019-02-15 15:31:04', 'umum', 013, 'umum', 000543, 2000, 3000, 2, 0, 6000, 'sukses'),
(000030, '02153104', '2019-02-15 15:31:04', 'umum', 013, 'umum', 000546, 4500, 5500, 1, 0, 5500, 'sukses'),
(000031, '02153104', '2019-02-15 15:31:04', 'umum', 013, 'umum', 000356, 400, 500, 10, 0, 5000, 'sukses'),
(000032, '02153104', '2019-02-15 15:31:04', 'umum', 013, 'umum', 000351, 100, 200, 10, 0, 2000, 'sukses'),
(000033, '02153104', '2019-02-15 15:31:04', 'umum', 013, 'umum', 000757, 3500, 5000, 1, 0, 5000, 'sukses'),
(000034, '02153104', '2019-02-15 15:31:04', 'umum', 013, 'umum', 000356, 400, 500, 10, 0, 5000, 'sukses'),
(000035, '02153418', '2019-02-15 15:34:18', 'umum', 013, 'umum', 000712, 17000, 23500, 1, 0, 23500, 'sukses'),
(000036, '02153418', '2019-02-15 15:34:18', 'umum', 013, 'umum', 000551, 1500, 2000, 2, 0, 4000, 'sukses'),
(000037, '02153418', '2019-02-15 15:34:18', 'umum', 013, 'umum', 000218, 3000, 5000, 1, 0, 5000, 'sukses'),
(000038, '02153418', '2019-02-15 15:34:18', 'umum', 013, 'umum', 000551, 1500, 2000, 5, 0, 10000, 'sukses'),
(000039, '02153418', '2019-02-15 15:34:18', 'umum', 013, 'umum', 000865, 1800, 21000, 1, 0, 21000, 'sukses'),
(000040, '02153418', '2019-02-15 15:34:18', 'umum', 013, 'umum', 000122, 28000, 31500, 1, 0, 31500, 'sukses'),
(000041, '02153418', '2019-02-15 15:34:18', 'umum', 013, 'umum', 000864, 4000, 6500, 1, 0, 6500, 'sukses'),
(000042, '02153418', '2019-02-15 15:34:18', 'umum', 013, 'umum', 000337, 100, 200, 20, 0, 4000, 'sukses'),
(000043, '02153418', '2019-02-15 15:34:18', 'umum', 013, 'umum', 000361, 100, 200, 20, 0, 4000, 'sukses'),
(000044, '02153418', '2019-02-15 15:34:18', 'umum', 013, 'umum', 000638, 8000, 11000, 1, 0, 11000, 'sukses'),
(000048, '02153555', '2019-02-15 15:35:55', 'umum', 013, 'umum', 000081, 11500, 14000, 1, 0, 14000, 'batal'),
(000049, '02153626', '2019-02-15 15:36:26', 'umum', 013, 'umum', 000081, 11500, 14000, 1, 0, 14000, 'sukses'),
(000050, '02153626', '2019-02-15 15:36:26', 'umum', 013, 'umum', 000643, 4000, 5000, 1, 0, 5000, 'sukses'),
(000051, '02155733', '2019-02-15 15:57:33', 'umum', 013, 'umum', 000864, 4000, 6500, 1, 0, 6500, 'sukses'),
(000052, '02150620', '2019-02-15 16:06:20', 'umum', 013, 'umum', 000812, 400, 500, 10, 0, 5000, 'sukses'),
(000057, '02152044', '2019-02-15 16:20:44', 'umum', 013, 'umum', 000120, 18000, 21000, 1, 0, 21000, 'batal'),
(000058, '02152044', '2019-02-15 16:20:44', 'umum', 013, 'umum', 000177, 12000, 14000, 1, 0, 12460, 'batal'),
(000059, '02152044', '2019-02-15 16:20:44', 'umum', 013, 'umum', 000544, 5000, 8000, 2, 0, 16000, 'batal'),
(000060, '02152119', '2019-02-15 16:21:19', 'umum', 013, 'umum', 000344, 200, 350, 10, 0, 3500, 'sukses'),
(000061, '02152119', '2019-02-15 16:21:19', 'umum', 013, 'umum', 000508, 1000, 2000, 1, 0, 2000, 'sukses'),
(000064, '02153850', '2019-02-15 16:38:50', 'umum', 013, 'umum', 000088, 17500, 19500, 1, 0, 19500, 'sukses'),
(000065, '02155117', '2019-02-15 16:51:17', 'umum', 013, 'umum', 000638, 8000, 11000, 1, 0, 11000, 'sukses'),
(000066, '02150557', '2019-02-15 17:05:57', 'umum', 013, 'umum', 000405, 4500, 5000, 4, 0, 20000, 'batal'),
(000067, '02150829', '2019-02-15 17:08:29', 'umum', 013, 'umum', 000405, 4000, 4500, 4, 0, 18000, 'sukses'),
(000068, '02151904', '2019-02-15 17:19:04', 'umum', 013, 'umum', 000567, 8500, 11000, 1, 0, 11000, 'sukses'),
(000069, '02152234', '2019-02-15 17:22:34', 'umum', 013, 'umum', 000734, 4500, 6000, 1, 0, 6000, 'sukses'),
(000070, '02152234', '2019-02-15 17:22:34', 'umum', 013, 'umum', 000123, 10000, 14000, 1, 0, 14000, 'sukses'),
(000071, '02152234', '2019-02-15 17:22:34', 'umum', 013, 'umum', 000704, 9000, 10000, 1, 0, 10000, 'sukses'),
(000072, '02153931', '2019-02-15 17:39:31', 'umum', 013, 'umum', 000659, 15000, 26000, 1, 0, 26000, 'sukses'),
(000073, '02153931', '2019-02-15 17:39:31', 'umum', 013, 'umum', 000481, 1000, 1600, 10, 0, 16000, 'sukses'),
(000074, '02150350', '2019-02-15 18:03:50', 'umum', 013, 'umum', 000812, 400, 500, 20, 0, 10000, 'sukses'),
(000075, '02150436', '2019-02-15 18:04:36', 'umum', 013, 'umum', 000814, 10000, 14000, 1, 0, 14000, 'sukses'),
(000076, '02151054', '2019-02-15 18:10:54', 'umum', 013, 'umum', 000648, 45000, 67000, 1, 0, 67000, 'batal'),
(000077, '02151123', '2019-02-15 18:11:23', 'umum', 013, 'umum', 000268, 15000, 17000, 1, 0, 17000, 'sukses'),
(000078, '02151458', '2019-02-15 18:14:58', 'umum', 013, 'umum', 000514, 1500, 2000, 1, 0, 2000, 'sukses'),
(000079, '02151857', '2019-02-15 18:18:57', 'umum', 013, 'umum', 000728, 20000, 26000, 1, 0, 26000, 'batal'),
(000080, '02154557', '2019-02-15 18:45:57', 'umum', 013, 'umum', 000813, 450, 600, 10, 0, 6000, 'sukses'),
(000081, '02154557', '2019-02-15 18:45:57', 'umum', 013, 'umum', 000519, 2000, 2500, 2, 0, 5000, 'sukses'),
(000082, '02154557', '2019-02-15 18:45:57', 'umum', 013, 'umum', 000869, 1500, 2000, 3, 0, 6000, 'sukses'),
(000083, '02155045', '2019-02-15 18:50:45', 'umum', 013, 'umum', 000865, 1800, 21000, 1, 0, 21000, 'sukses'),
(000084, '02152602', '2019-02-15 19:26:02', 'umum', 013, 'umum', 000640, 10000, 12500, 1, 0, 12500, 'sukses'),
(000085, '02152950', '2019-02-15 19:29:50', 'umum', 013, 'umum', 000651, 10000, 14500, 1, 0, 14500, 'batal'),
(000086, '02154556', '2019-02-15 19:45:56', 'umum', 013, 'umum', 000345, 750, 900, 20, 0, 18000, 'sukses'),
(000087, '02154556', '2019-02-15 19:45:56', 'umum', 013, 'umum', 000547, 2000, 2500, 2, 0, 5000, 'sukses'),
(000088, '02154850', '2019-02-15 19:48:50', 'umum', 013, 'umum', 000640, 10000, 12500, 1, 0, 12500, 'sukses'),
(000089, '02155804', '2019-02-15 19:58:04', 'umum', 013, 'umum', 000358, 150, 200, 10, 0, 2000, 'sukses'),
(000090, '02155804', '2019-02-15 19:58:04', 'umum', 013, 'umum', 000825, 200, 300, 10, 0, 3000, 'sukses'),
(000091, '02150358', '2019-02-15 21:03:58', 'umum', 013, 'umum', 000623, 25000, 31500, 1, 0, 31500, 'sukses'),
(000092, '02150358', '2019-02-15 21:03:58', 'umum', 013, 'umum', 000866, 9000, 13000, 1, 0, 13000, 'sukses'),
(000093, '02150358', '2019-02-15 21:03:58', 'umum', 013, 'umum', 000514, 1500, 2000, 2, 0, 4000, 'sukses'),
(000094, '02150358', '2019-02-15 21:03:58', 'umum', 013, 'umum', 000140, 35000, 40000, 1, 0, 40000, 'sukses'),
(000095, '02165304', '2019-02-16 08:53:04', 'umum', 013, 'umum', 000828, 800, 1000, 10, 0, 10000, 'sukses'),
(000096, '02161616', '2019-02-16 09:16:16', 'umum', 013, 'umum', 000203, 6000, 8000, 1, 0, 8000, 'sukses'),
(000097, '02161616', '2019-02-16 09:16:16', 'umum', 013, 'umum', 000079, 5000, 6500, 1, 0, 6500, 'sukses'),
(000098, '02161616', '2019-02-16 09:16:16', 'umum', 013, 'umum', 000359, 250, 400, 10, 0, 4000, 'sukses'),
(000099, '02161636', '2019-02-16 09:16:36', 'umum', 013, 'umum', 000841, 450, 600, 10, 0, 6000, 'sukses'),
(000100, '02161832', '2019-02-16 09:18:32', 'umum', 013, 'umum', 000348, 7000, 8000, 4, 0, 32000, 'sukses'),
(000101, '02161900', '2019-02-16 09:19:00', 'umum', 013, 'umum', 000307, 8000, 10000, 1, 0, 10000, 'sukses'),
(000102, '02161900', '2019-02-16 09:19:00', 'umum', 013, 'umum', 000123, 10000, 14000, 1, 0, 14000, 'sukses'),
(000103, '02162526', '2019-02-16 09:25:26', 'umum', 013, 'umum', 000065, 52000, 54000, 1, 0, 54000, 'batal'),
(000104, '02164723', '2019-02-16 09:47:23', 'umum', 013, 'umum', 000348, 7000, 8000, 1, 0, 8000, 'sukses'),
(000105, '02165047', '2019-02-16 09:50:47', 'umum', 013, 'umum', 000282, 8000, 10000, 1, 0, 10000, 'sukses'),
(000106, '02165047', '2019-02-16 09:50:47', 'umum', 013, 'umum', 000155, 40000, 44500, 1, 0, 44500, 'batal'),
(000107, '02160615', '2019-02-16 10:06:15', 'umum', 013, 'umum', 000651, 10000, 14500, 1, 0, 14500, 'sukses'),
(000108, '02164521', '2019-02-16 10:45:21', 'umum', 013, 'umum', 000543, 2000, 3000, 2, 0, 6000, 'sukses'),
(000109, '02160750', '2019-02-16 15:07:50', 'umum', 013, 'umum', 000344, 200, 350, 10, 0, 3500, 'sukses'),
(000110, '02160750', '2019-02-16 15:07:50', 'umum', 013, 'umum', 000123, 10000, 14000, 1, 0, 14000, 'sukses'),
(000111, '02160750', '2019-02-16 15:07:50', 'umum', 013, 'umum', 000269, 7000, 8500, 3, 0, 25500, 'sukses'),
(000112, '02160750', '2019-02-16 15:07:50', 'umum', 013, 'umum', 000699, 20000, 25000, 1, 0, 25000, 'sukses'),
(000113, '02160750', '2019-02-16 15:07:50', 'umum', 013, 'umum', 000233, 38000, 41500, 1, 0, 41500, 'sukses'),
(000114, '02160750', '2019-02-16 15:07:50', 'umum', 013, 'umum', 000703, 12000, 15000, 1, 0, 15000, 'sukses'),
(000115, '02160750', '2019-02-16 15:07:50', 'umum', 013, 'umum', 000212, 4000, 5000, 1, 0, 5000, 'sukses'),
(000116, '02160750', '2019-02-16 15:07:50', 'umum', 013, 'umum', 000514, 1500, 2000, 1, 0, 2000, 'sukses'),
(000117, '02160750', '2019-02-16 15:07:50', 'umum', 013, 'umum', 000339, 100, 200, 20, 0, 4000, 'sukses'),
(000118, '02160750', '2019-02-16 15:07:50', 'umum', 013, 'umum', 000548, 2000, 2500, 1, 0, 2500, 'sukses'),
(000119, '02161101', '2019-02-16 15:11:01', 'umum', 013, 'umum', 000514, 1500, 2000, 1, 0, 2000, 'sukses'),
(000120, '02161101', '2019-02-16 15:11:01', 'umum', 013, 'umum', 000153, 8500, 9500, 1, 0, 9500, 'sukses'),
(000121, '02161101', '2019-02-16 15:11:01', 'umum', 013, 'umum', 000345, 750, 900, 10, 0, 9000, 'sukses'),
(000122, '02161101', '2019-02-16 15:11:01', 'umum', 013, 'umum', 000156, 12000, 16000, 1, 0, 16000, 'sukses'),
(000123, '02161101', '2019-02-16 15:11:01', 'umum', 013, 'umum', 000542, 2000, 3000, 1, 0, 3000, 'sukses'),
(000124, '02161101', '2019-02-16 15:11:01', 'umum', 013, 'umum', 000322, 5000, 7500, 1, 0, 7500, 'sukses'),
(000125, '02161101', '2019-02-16 15:11:01', 'umum', 013, 'umum', 000344, 200, 350, 10, 0, 3500, 'sukses'),
(000126, '02161101', '2019-02-16 15:11:01', 'umum', 013, 'umum', 000734, 4500, 6000, 1, 0, 6000, 'sukses'),
(000127, '02161101', '2019-02-16 15:11:01', 'umum', 013, 'umum', 000703, 12000, 15000, 1, 0, 15000, 'sukses'),
(000128, '02161101', '2019-02-16 15:11:01', 'umum', 013, 'umum', 000704, 9000, 10000, 1, 0, 10000, 'sukses'),
(000129, '02161219', '2019-02-16 15:12:19', 'umum', 013, 'umum', 000700, 20000, 25000, 1, 0, 25000, 'sukses'),
(000130, '02161219', '2019-02-16 15:12:19', 'umum', 013, 'umum', 000345, 750, 900, 10, 0, 9000, 'sukses'),
(000131, '02161219', '2019-02-16 15:12:19', 'umum', 013, 'umum', 000278, 4000, 5000, 1, 0, 5000, 'sukses'),
(000132, '02161219', '2019-02-16 15:12:19', 'umum', 013, 'umum', 000346, 2000, 3000, 3, 0, 9000, 'sukses'),
(000133, '02161219', '2019-02-16 15:12:19', 'umum', 013, 'umum', 000322, 5000, 7500, 1, 0, 7500, 'sukses'),
(000134, '02162124', '2019-02-16 15:21:24', 'umum', 013, 'umum', 000078, 5000, 6500, 4, 0, 26000, 'sukses'),
(000135, '02162205', '2019-02-16 15:22:05', 'umum', 013, 'umum', 000704, 9000, 10000, 1, 0, 10000, 'sukses'),
(000136, '02164422', '2019-02-16 15:44:22', 'umum', 013, 'umum', 000290, 2000, 3000, 1, 0, 3000, 'sukses'),
(000137, '02164536', '2019-02-16 15:45:36', 'umum', 013, 'umum', 000632, 40000, 51000, 1, 0, 51000, 'sukses'),
(000138, '02164814', '2019-02-16 15:48:14', 'umum', 013, 'umum', 000651, 10000, 14500, 1, 0, 14500, 'sukses'),
(000139, '02165743', '2019-02-16 15:57:43', 'umum', 013, 'umum', 000134, 4000, 5000, 1, 0, 5000, 'sukses'),
(000140, '02160355', '2019-02-16 16:03:55', 'umum', 013, 'umum', 000084, 26000, 29000, 1, 0, 29000, 'sukses'),
(000141, '02161433', '2019-02-16 16:14:33', 'umum', 013, 'umum', 000436, 500, 1100, 20, 0, 22000, 'sukses'),
(000142, '02162626', '2019-02-16 16:26:26', 'umum', 013, 'umum', 000780, 12500, 14500, 1, 0, 14500, 'sukses'),
(000143, '02163520', '2019-02-16 16:35:20', 'umum', 013, 'umum', 000265, 14000, 16500, 1, 0, 16500, 'sukses'),
(000144, '02164947', '2019-02-16 16:49:47', 'umum', 013, 'umum', 000864, 4000, 6500, 1, 0, 6500, 'sukses'),
(000145, '02160046', '2019-02-16 17:00:46', 'umum', 013, 'umum', 000180, 4000, 5000, 1, 0, 5000, 'sukses'),
(000146, '02160046', '2019-02-16 17:00:46', 'umum', 013, 'umum', 000651, 10000, 14500, 1, 0, 14500, 'sukses'),
(000147, '02161659', '2019-02-16 17:16:59', 'umum', 013, 'umum', 000088, 17500, 19500, 1, 0, 19500, 'sukses'),
(000148, '02161659', '2019-02-16 17:16:59', 'umum', 013, 'umum', 000043, 1100, 1200, 10, 0, 12000, 'sukses'),
(000149, '02161659', '2019-02-16 17:16:59', 'umum', 013, 'umum', 000883, 400, 600, 10, 0, 6000, 'sukses'),
(000150, '02161659', '2019-02-16 17:16:59', 'umum', 013, 'umum', 000556, 5000, 7000, 1, 0, 7000, 'sukses'),
(000151, '02161900', '2019-02-16 17:19:00', 'umum', 013, 'umum', 000810, 9000, 10000, 1, 0, 10000, 'sukses'),
(000152, '02161957', '2019-02-16 17:19:57', 'umum', 013, 'umum', 000823, 1000, 1100, 10, 0, 11000, 'sukses'),
(000153, '02163757', '2019-02-16 17:37:57', 'umum', 013, 'umum', 000823, 1000, 1100, 10, 0, 11000, 'sukses'),
(000154, '02163757', '2019-02-16 17:37:57', 'umum', 013, 'umum', 000344, 200, 350, 20, 0, 7000, 'sukses'),
(000155, '02164129', '2019-02-16 17:41:29', 'umum', 013, 'umum', 000711, 8000, 12500, 1, 0, 12500, 'sukses'),
(000156, '02165245', '2019-02-16 17:52:45', 'umum', 013, 'umum', 000549, 8000, 10000, 1, 0, 10000, 'sukses'),
(000157, '02165245', '2019-02-16 17:52:45', 'umum', 013, 'umum', 000878, 2000, 3000, 3, 0, 9000, 'sukses'),
(000158, '02165410', '2019-02-16 17:54:10', 'umum', 013, 'umum', 000567, 8500, 11000, 1, 0, 11000, 'sukses'),
(000161, '02165851', '2019-02-16 17:58:51', 'umum', 013, 'umum', 000643, 4000, 5000, 1, 0, 5000, 'sukses'),
(000162, '02160121', '2019-02-16 18:01:21', 'umum', 013, 'umum', 000265, 14000, 16500, 1, 0, 16500, 'sukses'),
(000163, '02174630', '2019-02-17 08:46:30', 'umum', 013, 'umum', 000743, 12000, 16500, 1, 0, 16500, 'sukses'),
(000164, '02174725', '2019-02-17 08:47:25', 'umum', 013, 'umum', 000307, 8000, 10000, 1, 0, 10000, 'sukses'),
(000165, '02175503', '2019-02-17 08:55:03', 'umum', 013, 'umum', 000213, 7000, 10000, 1, 0, 10000, 'sukses'),
(000166, '02175503', '2019-02-17 08:55:03', 'umum', 013, 'umum', 000894, 3500, 5000, 1, 0, 5000, 'sukses'),
(000167, '02175503', '2019-02-17 08:55:03', 'umum', 013, 'umum', 000330, 4000, 5000, 1, 0, 5000, 'sukses'),
(000168, '02175503', '2019-02-17 08:55:03', 'umum', 013, 'umum', 000354, 200, 300, 10, 0, 3000, 'sukses'),
(000169, '02173906', '2019-02-17 09:39:06', 'umum', 013, 'umum', 000540, 10000, 12500, 1, 0, 12500, 'sukses'),
(000170, '02175155', '2019-02-17 10:51:55', 'umum', 013, 'umum', 000435, 5000, 7000, 5, 0, 35000, 'batal'),
(000171, '02175657', '2019-02-17 10:56:57', 'umum', 013, 'umum', 000805, 28000, 35000, 1, 0, 35000, 'batal'),
(000172, '02172550', '2019-02-17 11:25:50', 'umum', 013, 'umum', 000891, 16500, 21000, 1, 0, 21000, 'sukses'),
(000173, '02172907', '2019-02-17 11:29:07', 'umum', 013, 'umum', 000814, 10000, 14000, 1, 0, 14000, 'sukses'),
(000174, '02173129', '2019-02-17 11:31:29', 'umum', 013, 'umum', 000538, 1500, 2000, 4, 0, 8000, 'sukses'),
(000175, '02173209', '2019-02-17 11:32:09', 'umum', 013, 'umum', 000896, 9000, 12000, 1, 0, 12000, 'sukses'),
(000176, '02174107', '2019-02-17 11:41:07', 'umum', 013, 'umum', 000663, 5000, 8500, 1, 0, 8500, 'sukses'),
(000177, '02174249', '2019-02-17 11:42:49', 'umum', 013, 'umum', 000279, 2000, 3000, 1, 0, 3000, 'sukses'),
(000178, '02170540', '2019-02-17 12:05:40', 'umum', 013, 'umum', 000045, 3200, 3300, 10, 0, 33000, 'batal'),
(000179, '02170626', '2019-02-17 12:06:26', 'umum', 013, 'umum', 000640, 10000, 12500, 1, 0, 12500, 'sukses'),
(000180, '02171302', '2019-02-17 12:13:02', 'umum', 013, 'umum', 000843, 300, 400, 10, 0, 4000, 'sukses'),
(000181, '02174301', '2019-02-17 12:43:01', 'umum', 013, 'umum', 000884, 14500, 18500, 1, 0, 18500, 'sukses'),
(000182, '02174350', '2019-02-17 12:43:50', 'umum', 013, 'umum', 000884, 14500, 18500, 1, 0, 18500, 'batal'),
(000183, '02172820', '2019-02-17 15:28:20', 'umum', 013, 'umum', 000813, 450, 600, 20, 0, 12000, 'sukses'),
(000184, '02172820', '2019-02-17 15:28:20', 'umum', 013, 'umum', 000350, 100, 200, 20, 0, 4000, 'sukses'),
(000185, '02172820', '2019-02-17 15:28:20', 'umum', 013, 'umum', 000825, 200, 300, 20, 0, 6000, 'sukses'),
(000186, '02172820', '2019-02-17 15:28:20', 'umum', 013, 'umum', 000586, 10000, 12500, 1, 0, 12500, 'sukses'),
(000187, '02172820', '2019-02-17 15:28:20', 'umum', 013, 'umum', 000593, 10000, 13000, 1, 0, 13000, 'sukses'),
(000188, '02172820', '2019-02-17 15:28:20', 'umum', 013, 'umum', 000288, 7000, 8500, 1, 0, 8500, 'sukses'),
(000189, '02172820', '2019-02-17 15:28:20', 'umum', 013, 'umum', 000878, 2000, 3000, 12, 0, 36000, 'sukses'),
(000190, '02172820', '2019-02-17 15:28:20', 'umum', 013, 'umum', 000271, 4000, 5000, 1, 0, 5000, 'sukses'),
(000191, '02172820', '2019-02-17 15:28:20', 'umum', 013, 'umum', 000704, 9000, 10000, 1, 0, 10000, 'sukses'),
(000192, '02172820', '2019-02-17 15:28:20', 'umum', 013, 'umum', 000865, 1800, 21000, 1, 0, 21000, 'sukses'),
(000193, '02172820', '2019-02-17 15:28:20', 'umum', 013, 'umum', 000866, 9000, 13000, 1, 0, 13000, 'sukses'),
(000194, '02172820', '2019-02-17 15:28:20', 'umum', 013, 'umum', 000513, 2000, 2500, 4, 0, 10000, 'sukses'),
(000195, '02172820', '2019-02-17 15:28:20', 'umum', 013, 'umum', 000286, 5000, 7500, 1, 0, 7500, 'sukses'),
(000196, '02172820', '2019-02-17 15:28:20', 'umum', 013, 'umum', 000314, 5000, 8000, 2, 0, 16000, 'sukses'),
(000197, '02172903', '2019-02-17 15:29:03', 'umum', 013, 'umum', 000896, 9000, 12000, 1, 0, 12000, 'sukses'),
(000198, '02173128', '2019-02-17 15:31:28', 'umum', 013, 'umum', 000770, 15000, 18000, 1, 0, 18000, 'sukses'),
(000199, '02173511', '2019-02-17 15:35:11', 'umum', 013, 'umum', 000704, 9000, 10000, 1, 0, 10000, 'sukses'),
(000202, '02175104', '2019-02-17 16:51:04', 'umum', 013, 'umum', 000885, 11000, 14000, 1, 0, 14000, 'sukses'),
(000203, '02175616', '2019-02-17 16:56:16', 'umum', 013, 'umum', 000348, 7000, 8000, 2, 0, 16000, 'sukses'),
(000204, '02170114', '2019-02-17 17:01:14', 'umum', 013, 'umum', 000354, 200, 300, 10, 0, 3000, 'sukses'),
(000205, '02171105', '2019-02-17 17:11:05', 'umum', 013, 'umum', 000175, 22000, 25000, 1, 0, 25000, 'sukses'),
(000206, '02173350', '2019-02-17 17:33:50', 'umum', 013, 'umum', 000084, 26000, 29000, 1, 0, 29000, 'sukses'),
(000207, '02174513', '2019-02-17 17:45:13', 'umum', 013, 'umum', 000360, 100, 200, 20, 0, 4000, 'sukses'),
(000208, '02174513', '2019-02-17 17:45:13', 'umum', 013, 'umum', 000350, 100, 200, 10, 0, 2000, 'sukses'),
(000209, '02175749', '2019-02-17 17:57:49', 'umum', 013, 'umum', 000122, 28000, 31500, 1, 0, 31500, 'sukses'),
(000210, '02170900', '2019-02-17 18:09:00', 'umum', 013, 'umum', 000822, 500, 800, 20, 0, 16000, 'sukses'),
(000211, '02181137', '2019-02-18 10:11:37', 'umum', 012, 'umum', 000946, 3000, 3500, 10, 0, 35000, 'sukses'),
(000212, '02181137', '2019-02-18 10:11:37', 'umum', 012, 'umum', 000947, 19500, 22000, 2, 0, 44000, 'sukses'),
(000213, '02181137', '2019-02-18 10:11:37', 'umum', 012, 'umum', 000935, 12000, 15000, 1, 0, 15000, 'sukses'),
(000214, '02181137', '2019-02-18 10:11:37', 'umum', 012, 'umum', 000904, 17000, 21500, 1, 0, 21500, 'sukses'),
(000215, '02181137', '2019-02-18 10:11:37', 'umum', 012, 'umum', 000900, 200, 300, 20, 0, 6000, 'sukses'),
(000216, '02181137', '2019-02-18 10:11:37', 'umum', 012, 'umum', 000825, 200, 300, 10, 0, 3000, 'sukses'),
(000217, '02181137', '2019-02-18 10:11:37', 'umum', 012, 'umum', 000352, 100, 200, 10, 0, 2000, 'sukses'),
(000218, '02181137', '2019-02-18 10:11:37', 'umum', 012, 'umum', 000157, 20000, 25000, 1, 0, 25000, 'sukses'),
(000219, '02181137', '2019-02-18 10:11:37', 'umum', 012, 'umum', 000868, 9000, 10000, 1, 0, 10000, 'sukses'),
(000220, '02181137', '2019-02-18 10:11:37', 'umum', 012, 'umum', 000538, 1500, 2000, 5, 0, 10000, 'sukses'),
(000221, '02181137', '2019-02-18 10:11:37', 'umum', 012, 'umum', 000187, 70000, 74000, 1, 0, 74000, 'sukses'),
(000222, '02181137', '2019-02-18 10:11:37', 'umum', 012, 'umum', 000266, 2000, 3000, 1, 0, 3000, 'sukses'),
(000223, '02181137', '2019-02-18 10:11:37', 'umum', 012, 'umum', 000153, 8500, 9500, 1, 0, 9500, 'sukses'),
(000224, '02181137', '2019-02-18 10:11:37', 'umum', 012, 'umum', 000894, 3500, 5000, 1, 0, 5000, 'sukses'),
(000225, '02181137', '2019-02-18 10:11:37', 'umum', 012, 'umum', 000163, 20000, 23500, 1, 0, 23500, 'sukses'),
(000226, '02181137', '2019-02-18 10:11:37', 'umum', 012, 'umum', 000330, 4000, 5000, 2, 0, 10000, 'sukses'),
(000227, '02181137', '2019-02-18 10:11:37', 'umum', 012, 'umum', 000350, 100, 200, 10, 0, 2000, 'sukses'),
(000228, '02181137', '2019-02-18 10:11:37', 'umum', 012, 'umum', 000753, 18500, 25000, 1, 0, 25000, 'sukses'),
(000229, '02181137', '2019-02-18 10:11:37', 'umum', 012, 'umum', 000504, 70000, 85000, 1, 0, 85000, 'sukses'),
(000230, '02181137', '2019-02-18 10:11:37', 'umum', 012, 'umum', 000344, 230, 350, 20, 0, 7000, 'sukses'),
(000231, '02181137', '2019-02-18 10:11:37', 'umum', 012, 'umum', 000863, 14000, 17000, 1, 0, 17000, 'sukses'),
(000232, '02181137', '2019-02-18 10:11:37', 'umum', 012, 'umum', 000877, 2000, 3000, 2, 0, 6000, 'sukses'),
(000233, '02181137', '2019-02-18 10:11:37', 'umum', 012, 'umum', 000937, 150, 200, 20, 0, 4000, 'sukses'),
(000234, '02181137', '2019-02-18 10:11:37', 'umum', 012, 'umum', 000877, 2000, 3000, 1, 0, 3000, 'sukses'),
(000235, '02181137', '2019-02-18 10:11:37', 'umum', 012, 'umum', 000287, 1500, 2000, 5, 0, 10000, 'sukses'),
(000236, '02181137', '2019-02-18 10:11:37', 'umum', 012, 'umum', 000225, 4000, 5000, 2, 0, 10000, 'sukses'),
(000237, '02181137', '2019-02-18 10:11:37', 'umum', 012, 'umum', 000863, 14000, 17000, 1, 0, 17000, 'sukses'),
(000238, '02181137', '2019-02-18 10:11:37', 'umum', 012, 'umum', 000354, 200, 300, 10, 0, 3000, 'sukses'),
(000239, '02181137', '2019-02-18 10:11:37', 'umum', 012, 'umum', 000704, 9000, 10000, 1, 0, 10000, 'sukses'),
(000240, '02181137', '2019-02-18 10:11:37', 'umum', 012, 'umum', 000643, 4000, 5000, 1, 0, 5000, 'sukses'),
(000241, '02181137', '2019-02-18 10:11:37', 'umum', 012, 'umum', 000352, 100, 200, 10, 0, 2000, 'sukses'),
(000242, '02181137', '2019-02-18 10:11:37', 'umum', 012, 'umum', 000947, 19500, 22000, 1, 0, 22000, 'sukses'),
(000243, '02181137', '2019-02-18 10:11:37', 'umum', 012, 'umum', 000920, 13500, 17000, 1, 0, 17000, 'sukses'),
(000244, '02181137', '2019-02-18 10:11:37', 'umum', 012, 'umum', 000344, 230, 350, 20, 0, 7000, 'sukses'),
(000245, '02181137', '2019-02-18 10:11:37', 'umum', 012, 'umum', 000330, 4000, 5000, 1, 0, 5000, 'sukses'),
(000246, '02181137', '2019-02-18 10:11:37', 'umum', 012, 'umum', 000889, 12500, 16000, 1, 0, 16000, 'sukses'),
(000247, '02181137', '2019-02-18 10:11:37', 'umum', 012, 'umum', 000349, 10000, 12500, 2, 0, 25000, 'sukses'),
(000248, '02181137', '2019-02-18 10:11:37', 'umum', 012, 'umum', 000679, 24000, 37000, 1, 0, 37000, 'sukses'),
(000249, '02181137', '2019-02-18 10:11:37', 'umum', 012, 'umum', 000807, 400, 600, 30, 0, 18000, 'sukses'),
(000250, '02181137', '2019-02-18 10:11:37', 'umum', 012, 'umum', 000883, 400, 600, 10, 0, 6000, 'sukses'),
(000251, '02181137', '2019-02-18 10:11:37', 'umum', 012, 'umum', 000857, 5000, 8000, 2, 0, 16000, 'sukses'),
(000252, '02181137', '2019-02-18 10:11:37', 'umum', 012, 'umum', 000211, 4000, 5000, 1, 0, 5000, 'sukses'),
(000253, '02181137', '2019-02-18 10:11:37', 'umum', 012, 'umum', 000727, 8000, 11000, 1, 0, 11000, 'sukses'),
(000254, '02181137', '2019-02-18 10:11:37', 'umum', 012, 'umum', 000307, 8500, 11000, 1, 0, 11000, 'sukses'),
(000255, '02181137', '2019-02-18 10:11:37', 'umum', 012, 'umum', 000928, 9500, 12000, 1, 0, 12000, 'sukses'),
(000256, '02181137', '2019-02-18 10:11:37', 'umum', 012, 'umum', 000812, 400, 500, 20, 0, 10000, 'sukses'),
(000257, '02181137', '2019-02-18 10:11:37', 'umum', 012, 'umum', 000008, 1500, 3000, 1, 0, 3000, 'sukses'),
(000258, '02181137', '2019-02-18 10:11:37', 'umum', 012, 'umum', 000363, 150, 250, 10, 0, 2500, 'sukses'),
(000259, '02181137', '2019-02-18 10:11:37', 'umum', 012, 'umum', 000852, 300, 450, 10, 0, 4500, 'sukses'),
(000260, '02181137', '2019-02-18 10:11:37', 'umum', 012, 'umum', 000894, 3500, 5000, 1, 0, 5000, 'sukses'),
(000261, '02181137', '2019-02-18 10:11:37', 'umum', 012, 'umum', 000864, 4600, 6500, 1, 0, 6500, 'sukses'),
(000262, '02181137', '2019-02-18 10:11:37', 'umum', 012, 'umum', 000812, 400, 500, 10, 0, 5000, 'sukses'),
(000263, '02181137', '2019-02-18 10:11:37', 'umum', 012, 'umum', 000008, 1500, 3000, 1, 0, 3000, 'sukses'),
(000264, '02181137', '2019-02-18 10:11:37', 'umum', 012, 'umum', 000297, 60000, 65000, 1, 0, 65000, 'sukses'),
(000265, '02181137', '2019-02-18 10:11:37', 'umum', 012, 'umum', 000276, 14000, 16000, 1, 0, 16000, 'sukses'),
(000266, '02181137', '2019-02-18 10:11:37', 'umum', 012, 'umum', 000127, 11500, 14500, 1, 0, 14500, 'sukses'),
(000267, '02181137', '2019-02-18 10:11:37', 'umum', 012, 'umum', 000814, 10000, 13000, 1, 0, 13000, 'sukses'),
(000268, '02181137', '2019-02-18 10:11:37', 'umum', 012, 'umum', 000347, 1300, 1800, 10, 0, 18000, 'sukses'),
(000269, '02181137', '2019-02-18 10:11:37', 'umum', 012, 'umum', 000843, 300, 400, 20, 0, 8000, 'sukses'),
(000270, '02181137', '2019-02-18 10:11:37', 'umum', 012, 'umum', 000823, 1000, 1100, 20, 0, 22000, 'sukses'),
(000271, '02181137', '2019-02-18 10:11:37', 'umum', 012, 'umum', 000509, 2000, 2500, 1, 0, 2500, 'sukses'),
(000272, '02181137', '2019-02-18 10:11:37', 'umum', 012, 'umum', 000529, 6500, 8500, 1, 0, 8500, 'sukses'),
(000273, '02181137', '2019-02-18 10:11:37', 'umum', 012, 'umum', 000528, 6000, 8000, 1, 0, 8000, 'sukses'),
(000274, '02181137', '2019-02-18 10:11:37', 'umum', 012, 'umum', 000346, 2000, 3000, 10, 0, 30000, 'sukses'),
(000275, '02181137', '2019-02-18 10:11:37', 'umum', 012, 'umum', 000080, 11000, 19000, 1, 0, 19000, 'sukses'),
(000276, '02182300', '2019-02-18 10:23:00', 'umum', 012, 'umum', 000948, 18000, 26500, 1, 0, 26500, 'sukses'),
(000277, '02182300', '2019-02-18 10:23:00', 'umum', 012, 'umum', 000405, 4000, 4500, 2, 0, 9000, 'sukses'),
(000278, '02182300', '2019-02-18 10:23:00', 'umum', 012, 'umum', 000710, 5000, 8000, 2, 0, 16000, 'sukses'),
(000279, '02182300', '2019-02-18 10:23:00', 'umum', 012, 'umum', 000346, 2000, 3000, 5, 0, 15000, 'sukses'),
(000280, '02182300', '2019-02-18 10:23:00', 'umum', 012, 'umum', 000348, 7000, 8000, 2, 0, 16000, 'sukses'),
(000281, '02182300', '2019-02-18 10:23:00', 'umum', 012, 'umum', 000282, 8000, 10000, 1, 0, 10000, 'sukses'),
(000282, '02182300', '2019-02-18 10:23:00', 'umum', 012, 'umum', 000227, 120000, 125000, 1, 0, 125000, 'sukses'),
(000283, '02182300', '2019-02-18 10:23:00', 'umum', 012, 'umum', 000543, 2000, 3000, 2, 0, 6000, 'sukses'),
(000284, '02182300', '2019-02-18 10:23:00', 'umum', 012, 'umum', 000549, 8000, 10000, 1, 0, 10000, 'sukses'),
(000285, '02182849', '2019-02-18 10:28:49', 'umum', 012, 'umum', 000270, 7000, 8500, 2, 0, 17000, 'sukses'),
(000286, '02183530', '2019-02-18 10:35:30', 'umum', 012, 'umum', 000937, 150, 200, 10, 0, 2000, 'sukses'),
(000287, '02183530', '2019-02-18 10:35:30', 'umum', 012, 'umum', 000345, 750, 900, 10, 0, 9000, 'sukses'),
(000288, '02184232', '2019-02-18 10:42:32', 'umum', 012, 'umum', 000811, 2000, 2500, 20, 0, 50000, 'sukses'),
(000289, '02181422', '2019-02-18 14:14:22', 'umum', 012, 'umum', 000080, 11000, 14000, 1, 0, 14000, 'sukses'),
(000290, '02181422', '2019-02-18 14:14:22', 'umum', 012, 'umum', 000812, 400, 500, 20, 0, 10000, 'sukses'),
(000291, '02181422', '2019-02-18 14:14:22', 'umum', 012, 'umum', 000358, 150, 200, 10, 0, 2000, 'sukses'),
(000292, '02181422', '2019-02-18 14:14:22', 'umum', 012, 'umum', 000859, 500, 700, 10, 0, 7000, 'sukses'),
(000293, '02181422', '2019-02-18 14:14:22', 'umum', 012, 'umum', 000378, 750, 850, 10, 0, 8500, 'sukses'),
(000294, '02181422', '2019-02-18 14:14:22', 'umum', 012, 'umum', 000351, 100, 200, 20, 0, 4000, 'sukses'),
(000295, '02181422', '2019-02-18 14:14:22', 'umum', 012, 'umum', 000357, 150, 200, 20, 0, 4000, 'sukses'),
(000296, '02181422', '2019-02-18 14:14:22', 'umum', 012, 'umum', 000162, 10500, 13500, 1, 0, 13500, 'sukses'),
(000297, '02181422', '2019-02-18 14:14:22', 'umum', 012, 'umum', 000017, 6500, 7000, 1, 0, 7000, 'sukses'),
(000298, '02181422', '2019-02-18 14:14:22', 'umum', 012, 'umum', 000812, 400, 500, 10, 0, 5000, 'sukses'),
(000299, '02181422', '2019-02-18 14:14:22', 'umum', 012, 'umum', 000086, 26500, 29000, 1, 0, 29000, 'sukses'),
(000300, '02181422', '2019-02-18 14:14:22', 'umum', 012, 'umum', 000822, 500, 800, 20, 0, 16000, 'sukses'),
(000301, '02181422', '2019-02-18 14:14:22', 'umum', 012, 'umum', 000651, 12000, 15000, 1, 0, 15000, 'sukses'),
(000302, '02181422', '2019-02-18 14:14:22', 'umum', 012, 'umum', 000157, 20000, 25000, 1, 0, 25000, 'sukses'),
(000303, '02181422', '2019-02-18 14:14:22', 'umum', 012, 'umum', 000363, 150, 250, 20, 0, 5000, 'sukses'),
(000304, '02181422', '2019-02-18 14:14:22', 'umum', 012, 'umum', 000808, 800, 1000, 20, 0, 20000, 'sukses'),
(000305, '02181422', '2019-02-18 14:14:22', 'umum', 012, 'umum', 000928, 9500, 12000, 2, 0, 24000, 'sukses'),
(000306, '02181422', '2019-02-18 14:14:22', 'umum', 012, 'umum', 000345, 750, 900, 10, 0, 9000, 'sukses'),
(000307, '02183516', '2019-02-18 16:35:16', 'umum', 012, 'umum', 000889, 12500, 16000, 1, 0, 16000, 'sukses'),
(000308, '02183516', '2019-02-18 16:35:16', 'umum', 012, 'umum', 000884, 14500, 18500, 1, 0, 18500, 'sukses'),
(000309, '02183516', '2019-02-18 16:35:16', 'umum', 012, 'umum', 000904, 17000, 21500, 1, 0, 21500, 'sukses'),
(000310, '02183516', '2019-02-18 16:35:16', 'umum', 012, 'umum', 000900, 200, 300, 10, 0, 3000, 'sukses'),
(000311, '02183516', '2019-02-18 16:35:16', 'umum', 012, 'umum', 000551, 1500, 2000, 1, 0, 2000, 'sukses'),
(000312, '02183516', '2019-02-18 16:35:16', 'umum', 012, 'umum', 000548, 2000, 2500, 1, 0, 2500, 'sukses'),
(000313, '02184501', '2019-02-18 16:45:01', 'umum', 012, 'umum', 000090, 5000, 7500, 1, 0, 7500, 'sukses'),
(000314, '02184501', '2019-02-18 16:45:01', 'umum', 012, 'umum', 000561, 2000, 2500, 1, 0, 2500, 'sukses'),
(000315, '02181455', '2019-02-18 19:14:55', 'umum', 013, 'umum', 000893, 26000, 31500, 1, 26000, 31500, 'sukses'),
(000316, '02181455', '2019-02-18 19:14:55', 'umum', 013, 'umum', 000637, 6000, 9000, 1, 6000, 9000, 'sukses'),
(000317, '02181605', '2019-02-18 19:16:05', 'umum', 013, 'umum', 000221, 800, 1000, 2, 1600, 2000, 'sukses'),
(000318, '02182635', '2019-02-18 19:26:35', 'umum', 013, 'umum', 000068, 19500, 24500, 1, 19500, 24500, 'sukses'),
(000319, '02183229', '2019-02-18 19:32:29', 'umum', 013, 'umum', 000363, 150, 250, 40, 6000, 10000, 'sukses'),
(000320, '02183229', '2019-02-18 19:32:29', 'umum', 013, 'umum', 000303, 11000, 14500, 1, 11000, 14500, 'sukses'),
(000321, '02183229', '2019-02-18 19:32:29', 'umum', 013, 'umum', 000174, 8000, 10000, 2, 16000, 16000, 'sukses'),
(000322, '02183229', '2019-02-18 19:32:29', 'umum', 013, 'umum', 000935, 12000, 15000, 1, 12000, 15000, 'sukses'),
(000323, '02183229', '2019-02-18 19:32:29', 'umum', 013, 'umum', 000904, 17000, 21500, 1, 17000, 21500, 'sukses'),
(000324, '02183229', '2019-02-18 19:32:29', 'umum', 013, 'umum', 000704, 9000, 10000, 1, 9000, 10000, 'sukses'),
(000325, '02183229', '2019-02-18 19:32:29', 'umum', 013, 'umum', 000356, 400, 500, 10, 4000, 5000, 'sukses'),
(000326, '02183229', '2019-02-18 19:32:29', 'umum', 013, 'umum', 000929, 55000, 69000, 1, 55000, 69000, 'sukses'),
(000327, '02183229', '2019-02-18 19:32:29', 'umum', 013, 'umum', 000061, 5000, 6500, 1, 5000, 6500, 'sukses'),
(000328, '02183229', '2019-02-18 19:32:29', 'umum', 013, 'umum', 000271, 4000, 5000, 1, 4000, 5000, 'sukses'),
(000329, '02183229', '2019-02-18 19:32:29', 'umum', 013, 'umum', 000282, 8000, 10000, 1, 8000, 10000, 'sukses'),
(000330, '02183229', '2019-02-18 19:32:29', 'umum', 013, 'umum', 000208, 65000, 71500, 1, 65000, 71500, 'sukses'),
(000331, '02183229', '2019-02-18 19:32:29', 'umum', 013, 'umum', 000813, 450, 600, 20, 9000, 12000, 'sukses'),
(000332, '02183229', '2019-02-18 19:32:29', 'umum', 013, 'umum', 000352, 100, 200, 20, 2000, 4000, 'sukses'),
(000333, '02183229', '2019-02-18 19:32:29', 'umum', 013, 'umum', 000900, 200, 300, 20, 4000, 6000, 'sukses'),
(000334, '02183229', '2019-02-18 19:32:29', 'umum', 013, 'umum', 000864, 4600, 6500, 1, 4600, 6500, 'sukses'),
(000335, '02183229', '2019-02-18 19:32:29', 'umum', 013, 'umum', 000268, 15000, 17000, 1, 15000, 17000, 'sukses'),
(000336, '02183329', '2019-02-18 19:33:29', 'umum', 013, 'umum', 000850, 150, 200, 30, 4500, 6000, 'sukses'),
(000337, '02184227', '2019-02-18 19:42:27', 'umum', 013, 'umum', 000864, 4600, 6500, 2, 9200, 13000, 'batal'),
(000338, '02184227', '2019-02-18 19:42:27', 'umum', 013, 'umum', 000537, 30000, 39000, 1, 30000, 39000, 'batal'),
(000342, '02185024', '2019-02-18 19:50:24', 'umum', 013, 'umum', 000529, 6500, 8500, 1, 6500, 8500, 'sukses'),
(000343, '02185133', '2019-02-18 19:51:33', 'umum', 013, 'umum', 000363, 150, 250, 40, 6000, 10000, 'sukses'),
(000344, '02185133', '2019-02-18 19:51:33', 'umum', 013, 'umum', 000626, 8000, 11000, 1, 8000, 11000, 'sukses'),
(000345, '02185741', '2019-02-18 19:57:41', 'umum', 013, 'umum', 000937, 150, 200, 70, 10500, 14000, 'sukses'),
(000346, '02185741', '2019-02-18 19:57:41', 'umum', 013, 'umum', 000535, 13000, 15000, 1, 13000, 15000, 'sukses'),
(000347, '02180526', '2019-02-18 20:05:26', 'umum', 013, 'umum', 000084, 26000, 29000, 1, 26000, 29000, 'sukses'),
(000348, '02181134', '2019-02-18 20:11:34', 'umum', 013, 'umum', 000405, 4000, 4500, 10, 40000, 45000, 'batal'),
(000349, '02181217', '2019-02-18 20:12:17', 'umum', 013, 'umum', 000640, 10000, 12500, 1, 10000, 12500, 'sukses'),
(000350, '02182926', '2019-02-18 20:29:26', 'umum', 013, 'umum', 000068, 19500, 24500, 1, 19500, 24500, 'sukses'),
(000351, '02183107', '2019-02-18 20:31:07', 'umum', 013, 'umum', 000218, 3000, 5000, 1, 3000, 5000, 'sukses'),
(000352, '02183107', '2019-02-18 20:31:07', 'umum', 013, 'umum', 000734, 4500, 6000, 1, 4500, 6000, 'sukses'),
(000353, '02183209', '2019-02-18 20:32:09', 'umum', 013, 'umum', 000223, 2500, 3500, 2, 5000, 7000, 'sukses'),
(000354, '02183421', '2019-02-18 20:34:21', 'umum', 013, 'umum', 000905, 12500, 16000, 1, 12500, 16000, 'sukses'),
(000355, '02183421', '2019-02-18 20:34:21', 'umum', 013, 'umum', 000887, 11000, 14000, 1, 11000, 14000, 'sukses'),
(000356, '02183458', '2019-02-18 20:34:58', 'umum', 013, 'umum', 000708, 20000, 29000, 1, 20000, 29000, 'sukses'),
(000359, '02185450', '2019-02-18 20:54:50', 'umum', 013, 'umum', 000481, 1000, 1600, 10, 10000, 16000, 'batal'),
(000360, '02185617', '2019-02-18 20:56:17', 'umum', 013, 'umum', 000864, 4600, 6500, 2, 9200, 13000, 'sukses'),
(000361, '02181720', '2019-02-18 21:17:20', 'umum', 013, 'umum', 000361, 160, 200, 10, 1600, 2000, 'sukses'),
(000362, '02182642', '2019-02-18 21:26:42', 'umum', 013, 'umum', 000097, 15000, 17500, 1, 15000, 17500, 'sukses'),
(000363, '02182642', '2019-02-18 21:26:42', 'umum', 013, 'umum', 000564, 2000, 2500, 4, 8000, 10000, 'sukses'),
(000364, '02182916', '2019-02-18 21:29:16', 'umum', 013, 'umum', 000894, 3500, 5000, 1, 3500, 5000, 'sukses'),
(000365, '02183709', '2019-02-18 21:37:09', 'umum', 013, 'umum', 000497, 4000, 5500, 1, 4000, 5500, 'sukses'),
(000366, '02190129', '2019-02-19 09:01:29', 'umum', 012, 'umum', 000362, 200, 300, 10, 2000, 3000, 'sukses'),
(000367, '02191403', '2019-02-19 09:14:03', 'umum', 012, 'umum', 000937, 150, 200, 20, 3000, 4000, 'sukses'),
(000368, '02191403', '2019-02-19 09:14:03', 'umum', 012, 'umum', 000336, 100, 200, 20, 2000, 4000, 'sukses'),
(000369, '02191403', '2019-02-19 09:14:03', 'umum', 012, 'umum', 000560, 2000, 2500, 2, 4000, 5000, 'sukses'),
(000370, '02194540', '2019-02-19 09:45:40', 'umum', 012, 'umum', 000290, 2000, 3000, 5, 10000, 15000, 'sukses'),
(000371, '02190117', '2019-02-19 10:01:17', 'umum', 012, 'umum', 000156, 12000, 16000, 1, 12000, 16000, 'sukses'),
(000372, '02190117', '2019-02-19 10:01:17', 'umum', 012, 'umum', 000551, 1500, 2000, 2, 3000, 4000, 'sukses'),
(000373, '02191237', '2019-02-19 10:12:37', 'umum', 012, 'umum', 000866, 10000, 13000, 1, 10000, 13000, 'sukses'),
(000374, '02193726', '2019-02-19 10:37:26', 'umum', 012, 'umum', 000202, 7000, 8500, 1, 7000, 8500, 'sukses'),
(000375, '02193726', '2019-02-19 10:37:26', 'umum', 012, 'umum', 000643, 4000, 5000, 1, 4000, 5000, 'sukses'),
(000376, '02191222', '2019-02-19 11:12:22', 'umum', 012, 'umum', 000157, 20000, 25000, 1, 20000, 25000, 'sukses'),
(000377, '02193652', '2019-02-19 11:36:52', 'umum', 012, 'umum', 000218, 3000, 5000, 1, 3000, 5000, 'sukses'),
(000378, '02193652', '2019-02-19 11:36:52', 'umum', 012, 'umum', 000130, 2500, 5000, 1, 2500, 5000, 'sukses'),
(000379, '02193652', '2019-02-19 11:36:52', 'umum', 012, 'umum', 000131, 2500, 5000, 1, 2500, 5000, 'sukses'),
(000380, '02195826', '2019-02-19 11:58:26', 'umum', 012, 'umum', 000301, 7000, 9000, 2, 14000, 18000, 'sukses'),
(000381, '02195246', '2019-02-19 13:52:46', 'umum', 012, 'umum', 000479, 500, 1000, 6, 3000, 6000, 'sukses'),
(000382, '02191040', '2019-02-19 14:10:40', 'umum', 012, 'umum', 000735, 12000, 16500, 1, 12000, 16500, 'sukses'),
(000383, '02192047', '2019-02-19 14:20:47', 'umum', 012, 'umum', 000351, 100, 200, 10, 1000, 2000, 'sukses'),
(000384, '02193147', '2019-02-19 15:31:47', 'umum', 013, 'umum', 000357, 150, 200, 50, 7500, 10000, 'sukses'),
(000385, '02193147', '2019-02-19 15:31:47', 'umum', 013, 'umum', 000279, 2000, 3000, 5, 10000, 15000, 'sukses'),
(000386, '02193147', '2019-02-19 15:31:47', 'umum', 013, 'umum', 000900, 200, 300, 40, 8000, 12000, 'sukses'),
(000387, '02193520', '2019-02-19 15:35:20', 'umum', 013, 'umum', 000889, 12500, 16000, 1, 12500, 16000, 'sukses'),
(000388, '02192325', '2019-02-19 17:23:25', 'umum', 013, 'umum', 000902, 37000, 46500, 1, 0, 0, 'sukses'),
(000389, '02192325', '2019-02-19 17:23:25', 'umum', 013, 'umum', 000123, 10000, 14000, 1, 0, 0, 'sukses'),
(000390, '02192325', '2019-02-19 17:23:25', 'umum', 013, 'umum', 000537, 30000, 39000, 1, 0, 0, 'sukses'),
(000391, '02190805', '2019-02-19 19:08:05', 'umum', 013, 'umum', 000643, 4000, 5000, 1, 4000, 5000, 'sukses'),
(000392, '02190805', '2019-02-19 19:08:05', 'umum', 013, 'umum', 000750, 6000, 8000, 1, 6000, 8000, 'sukses'),
(000393, '02190805', '2019-02-19 19:08:05', 'umum', 013, 'umum', 000356, 400, 500, 10, 4000, 5000, 'sukses'),
(000394, '02190805', '2019-02-19 19:08:05', 'umum', 013, 'umum', 000862, 200, 250, 10, 2000, 2500, 'sukses'),
(000395, '02190805', '2019-02-19 19:08:05', 'umum', 013, 'umum', 000892, 22000, 27500, 1, 22000, 27500, 'sukses'),
(000396, '02190805', '2019-02-19 19:08:05', 'umum', 013, 'umum', 000863, 14000, 17000, 1, 14000, 17000, 'sukses'),
(000397, '02190805', '2019-02-19 19:08:05', 'umum', 013, 'umum', 000554, 3000, 4000, 1, 3000, 4000, 'sukses'),
(000398, '02190805', '2019-02-19 19:08:05', 'umum', 013, 'umum', 000149, 35000, 41000, 1, 35000, 41000, 'sukses'),
(000399, '02190805', '2019-02-19 19:08:05', 'umum', 013, 'umum', 000878, 2500, 3500, 12, 30000, 35700, 'sukses'),
(000400, '02190805', '2019-02-19 19:08:05', 'umum', 013, 'umum', 000547, 2000, 2500, 1, 2000, 2500, 'sukses'),
(000401, '02190805', '2019-02-19 19:08:05', 'umum', 013, 'umum', 000863, 14000, 17000, 2, 28000, 34000, 'sukses'),
(000402, '02190805', '2019-02-19 19:08:05', 'umum', 013, 'umum', 000643, 4000, 5000, 1, 4000, 5000, 'sukses'),
(000403, '02191357', '2019-02-19 19:13:57', 'umum', 013, 'umum', 000100, 15000, 19000, 1, 15000, 19000, 'sukses'),
(000404, '02192921', '2019-02-19 19:29:21', 'umum', 013, 'umum', 000549, 8000, 10000, 1, 8000, 10000, 'sukses'),
(000405, '02193344', '2019-02-19 19:33:44', 'umum', 013, 'umum', 000218, 3000, 5000, 1, 3000, 5000, 'sukses'),
(000406, '02193344', '2019-02-19 19:33:44', 'umum', 013, 'umum', 000522, 3000, 5000, 1, 3000, 5000, 'sukses'),
(000407, '02193344', '2019-02-19 19:33:44', 'umum', 013, 'umum', 000514, 1500, 2000, 1, 1500, 2000, 'sukses'),
(000408, '02193441', '2019-02-19 19:34:41', 'umum', 013, 'umum', 000067, 26500, 33500, 1, 26500, 33500, 'sukses'),
(000409, '02194036', '2019-02-19 19:40:36', 'umum', 013, 'umum', 000559, 6000, 8000, 1, 6000, 8000, 'sukses'),
(000410, '02194036', '2019-02-19 19:40:36', 'umum', 013, 'umum', 000481, 1000, 1600, 10, 10000, 16000, 'sukses'),
(000411, '02194736', '2019-02-19 19:47:36', 'umum', 013, 'umum', 000878, 2500, 3500, 24, 60000, 84000, 'sukses'),
(000412, '02194736', '2019-02-19 19:47:36', 'umum', 013, 'umum', 000712, 17000, 23500, 1, 17000, 23500, 'sukses'),
(000413, '02194736', '2019-02-19 19:47:36', 'umum', 013, 'umum', 000286, 5000, 7500, 2, 10000, 15000, 'sukses'),
(000414, '02194736', '2019-02-19 19:47:36', 'umum', 013, 'umum', 000522, 3000, 5000, 2, 6000, 10000, 'sukses'),
(000415, '02194736', '2019-02-19 19:47:36', 'umum', 013, 'umum', 000547, 2000, 2500, 2, 4000, 5000, 'sukses'),
(000416, '02195532', '2019-02-19 19:55:32', 'umum', 013, 'umum', 000894, 3500, 5000, 1, 3500, 5000, 'sukses'),
(000417, '02195532', '2019-02-19 19:55:32', 'umum', 013, 'umum', 000355, 250, 400, 20, 5000, 8000, 'sukses'),
(000418, '02191103', '2019-02-19 20:11:03', 'umum', 013, 'umum', 000176, 16000, 20000, 1, 16000, 20000, 'sukses'),
(000419, '02191208', '2019-02-19 20:12:08', 'umum', 013, 'umum', 000880, 4400, 6500, 1, 4400, 6500, 'sukses'),
(000420, '02192546', '2019-02-19 20:25:46', 'umum', 013, 'umum', 000348, 7000, 8000, 2, 14000, 16000, 'sukses'),
(000421, '02192841', '2019-02-19 20:28:41', 'umum', 013, 'umum', 000864, 4600, 6500, 1, 4600, 6500, 'sukses'),
(000422, '02192841', '2019-02-19 20:28:41', 'umum', 013, 'umum', 000528, 6000, 8000, 1, 6000, 8000, 'sukses'),
(000423, '02191108', '2019-02-19 21:11:08', 'umum', 013, 'umum', 000471, 10000, 14000, 1, 10000, 14000, 'sukses'),
(000424, '02191108', '2019-02-19 21:11:08', 'umum', 013, 'umum', 000890, 16000, 20000, 1, 16000, 20000, 'sukses'),
(000425, '02191713', '2019-02-19 21:17:13', 'umum', 013, 'umum', 000864, 4600, 6500, 1, 4600, 6500, 'sukses'),
(000426, '02192018', '2019-02-19 21:20:18', 'umum', 013, 'umum', 000928, 9500, 12000, 1, 9500, 12000, 'sukses'),
(000429, '02200336', '2019-02-20 09:03:36', 'umum', 013, 'umum', 000352, 100, 200, 20, 2000, 4000, 'batal'),
(000430, '02200336', '2019-02-20 09:03:36', 'umum', 013, 'umum', 000098, 5500, 7000, 1, 5500, 7000, 'sukses'),
(000431, '02201913', '2019-02-20 09:19:13', 'umum', 013, 'umum', 000753, 18500, 25000, 1, 18500, 25000, 'sukses'),
(000432, '02202908', '2019-02-20 09:29:08', 'umum', 013, 'umum', 000332, 5000, 8000, 1, 5000, 8000, 'sukses'),
(000433, '02203521', '2019-02-20 09:35:21', 'umum', 013, 'umum', 000822, 500, 800, 20, 10000, 16000, 'sukses'),
(000434, '02204720', '2019-02-20 09:47:20', 'umum', 013, 'umum', 000362, 200, 300, 10, 2000, 3000, 'sukses'),
(000435, '02204720', '2019-02-20 09:47:20', 'umum', 013, 'umum', 000878, 2500, 3500, 1, 2500, 3500, 'sukses'),
(000436, '02205259', '2019-02-20 09:52:59', 'umum', 013, 'umum', 000344, 230, 350, 20, 4600, 7000, 'sukses'),
(000437, '02205259', '2019-02-20 09:52:59', 'umum', 013, 'umum', 000862, 200, 250, 20, 4000, 5000, 'sukses'),
(000438, '02203103', '2019-02-20 10:31:03', 'umum', 013, 'umum', 000891, 16500, 21000, 1, 16500, 21000, 'sukses'),
(000439, '02203955', '2019-02-20 11:39:55', 'umum', 013, 'umum', 000564, 2000, 2500, 2, 4000, 4000, 'sukses'),
(000440, '02201658', '2019-02-20 15:16:58', 'umum', 012, 'umum', 000363, 150, 250, 20, 3000, 5000, 'sukses'),
(000441, '02201658', '2019-02-20 15:16:58', 'umum', 012, 'umum', 000274, 1500, 2000, 2, 3000, 4000, 'sukses'),
(000442, '02201658', '2019-02-20 15:16:58', 'umum', 012, 'umum', 000890, 16000, 20000, 1, 16000, 20000, 'sukses'),
(000443, '02201658', '2019-02-20 15:16:58', 'umum', 012, 'umum', 000644, 12000, 17500, 1, 12000, 17500, 'sukses'),
(000444, '02201658', '2019-02-20 15:16:58', 'umum', 012, 'umum', 000356, 400, 500, 10, 4000, 5000, 'sukses'),
(000445, '02201658', '2019-02-20 15:16:58', 'umum', 012, 'umum', 000351, 100, 200, 10, 1000, 2000, 'sukses'),
(000446, '02201658', '2019-02-20 15:16:58', 'umum', 012, 'umum', 000892, 22000, 27500, 1, 22000, 27500, 'sukses'),
(000447, '02201658', '2019-02-20 15:16:58', 'umum', 012, 'umum', 000356, 400, 500, 10, 4000, 5000, 'sukses'),
(000448, '02201658', '2019-02-20 15:16:58', 'umum', 012, 'umum', 000822, 500, 800, 10, 5000, 8000, 'sukses'),
(000449, '02201658', '2019-02-20 15:16:58', 'umum', 012, 'umum', 000351, 100, 200, 10, 1000, 2000, 'sukses'),
(000450, '02201658', '2019-02-20 15:16:58', 'umum', 012, 'umum', 000405, 4000, 4500, 4, 16000, 18000, 'sukses'),
(000451, '02201658', '2019-02-20 15:16:58', 'umum', 012, 'umum', 000154, 4000, 5000, 1, 4000, 5000, 'sukses'),
(000452, '02204426', '2019-02-20 15:44:26', 'umum', 012, 'umum', 000218, 3000, 5000, 1, 3000, 5000, 'sukses'),
(000453, '02204805', '2019-02-20 15:48:05', 'umum', 012, 'umum', 000926, 13000, 16500, 1, 13000, 16500, 'sukses'),
(000454, '02204805', '2019-02-20 15:48:05', 'umum', 012, 'umum', 000821, 200, 250, 10, 2000, 2500, 'sukses'),
(000457, '02200334', '2019-02-20 16:03:34', 'umum', 012, 'umum', 000352, 100, 200, 10, 1000, 2000, 'sukses'),
(000458, '02200334', '2019-02-20 16:03:34', 'umum', 012, 'umum', 000216, 7500, 10000, 1, 7500, 10000, 'sukses'),
(000459, '02200644', '2019-02-20 16:06:44', 'umum', 012, 'umum', 000084, 26000, 29000, 1, 26000, 29000, 'sukses'),
(000460, '02202606', '2019-02-20 16:26:06', 'umum', 012, 'umum', 000897, 31000, 40000, 1, 31000, 40000, 'sukses'),
(000461, '02204059', '2019-02-20 16:40:59', 'umum', 012, 'umum', 000199, 22000, 24000, 1, 22000, 24000, 'sukses'),
(000462, '02200114', '2019-02-20 17:01:14', 'umum', 012, 'umum', 000893, 26000, 31500, 1, 26000, 31500, 'sukses'),
(000463, '02200753', '2019-02-20 17:07:53', 'umum', 012, 'umum', 000558, 6000, 8000, 1, 6000, 8000, 'sukses'),
(000464, '02200753', '2019-02-20 17:07:53', 'umum', 012, 'umum', 000219, 15000, 17500, 1, 15000, 17500, 'sukses'),
(000465, '02204236', '2019-02-20 17:42:36', 'umum', 012, 'umum', 000217, 45000, 46500, 1, 45000, 46500, 'sukses'),
(000466, '02204236', '2019-02-20 17:42:36', 'umum', 012, 'umum', 000346, 2000, 3000, 10, 20000, 30000, 'sukses'),
(000467, '02204933', '2019-02-20 17:49:33', 'umum', 012, 'umum', 000946, 3000, 3500, 10, 30000, 35000, 'sukses'),
(000468, '02204933', '2019-02-20 17:49:33', 'umum', 012, 'umum', 000590, 18000, 23000, 1, 18000, 23000, 'sukses'),
(000469, '02205110', '2019-02-20 17:51:10', 'umum', 012, 'umum', 000307, 8500, 11000, 1, 8500, 11000, 'sukses'),
(000470, '02200523', '2019-02-20 18:05:23', 'umum', 012, 'umum', 000556, 5000, 7000, 1, 5000, 7000, 'sukses'),
(000471, '02200523', '2019-02-20 18:05:23', 'umum', 012, 'umum', 000339, 100, 200, 10, 1000, 2000, 'sukses'),
(000472, '02201159', '2019-02-20 18:11:59', 'umum', 012, 'umum', 000864, 4600, 6500, 1, 4600, 6500, 'sukses'),
(000473, '02201610', '2019-02-20 18:16:10', 'umum', 012, 'umum', 000558, 6000, 8000, 1, 6000, 8000, 'sukses'),
(000474, '02201818', '2019-02-20 18:18:18', 'umum', 012, 'umum', 000341, 250, 400, 10, 2500, 4000, 'sukses'),
(000475, '02201818', '2019-02-20 18:18:18', 'umum', 012, 'umum', 000360, 100, 200, 10, 1000, 2000, 'sukses'),
(000476, '02202148', '2019-02-20 18:21:48', 'umum', 012, 'umum', 000868, 9000, 10000, 5, 45000, 50000, 'sukses'),
(000477, '02202317', '2019-02-20 18:23:17', 'umum', 012, 'umum', 000890, 16000, 20000, 1, 16000, 20000, 'sukses'),
(000478, '02205453', '2019-02-20 18:54:53', 'umum', 012, 'umum', 000077, 12000, 15000, 1, 12000, 15000, 'sukses'),
(000479, '02205453', '2019-02-20 18:54:53', 'umum', 012, 'umum', 000866, 10000, 13000, 1, 10000, 13000, 'sukses'),
(000480, '02205453', '2019-02-20 18:54:53', 'umum', 012, 'umum', 000807, 400, 600, 10, 4000, 6000, 'sukses'),
(000481, '02205453', '2019-02-20 18:54:53', 'umum', 012, 'umum', 000638, 8000, 11000, 1, 8000, 11000, 'sukses'),
(000482, '02205758', '2019-02-20 18:57:58', 'umum', 012, 'umum', 000283, 5000, 7500, 1, 5000, 7500, 'sukses'),
(000483, '02200641', '2019-02-20 19:06:41', 'umum', 012, 'umum', 000014, 6500, 7000, 1, 6500, 7000, 'sukses'),
(000484, '02201218', '2019-02-20 19:12:18', 'umum', 012, 'umum', 000405, 4000, 4500, 1, 4000, 4500, 'sukses'),
(000485, '02201218', '2019-02-20 19:12:18', 'umum', 012, 'umum', 000299, 4000, 5000, 1, 4000, 5000, 'sukses'),
(000486, '02201218', '2019-02-20 19:12:18', 'umum', 012, 'umum', 000894, 3500, 5000, 1, 3500, 5000, 'sukses'),
(000487, '02203138', '2019-02-20 19:31:38', 'umum', 012, 'umum', 000935, 12000, 15000, 1, 12000, 15000, 'sukses'),
(000488, '02200002', '2019-02-20 20:00:02', 'umum', 012, 'umum', 000080, 11000, 14000, 1, 11000, 14000, 'sukses'),
(000489, '02200002', '2019-02-20 20:00:02', 'umum', 012, 'umum', 000358, 150, 200, 10, 1500, 2000, 'sukses'),
(000490, '02202000', '2019-02-20 20:20:00', 'umum', 012, 'umum', 000886, 15000, 19000, 1, 15000, 19000, 'sukses');
INSERT INTO `penjualan` (`id`, `kode`, `tanggal`, `jenis`, `user_id`, `pelanggan`, `id_produk`, `modal`, `jual`, `jumlah`, `jumlah_modal`, `jumlah_jual`, `status`) VALUES
(000491, '02203059', '2019-02-20 20:30:59', 'umum', 012, 'umum', 000563, 2500, 3000, 1, 2500, 3000, 'sukses'),
(000492, '02203059', '2019-02-20 20:30:59', 'umum', 012, 'umum', 000562, 2500, 3000, 1, 2500, 3000, 'sukses'),
(000493, '02203617', '2019-02-20 20:36:17', 'umum', 012, 'umum', 000751, 6000, 7500, 1, 6000, 7500, 'sukses'),
(000494, '02203617', '2019-02-20 20:36:17', 'umum', 012, 'umum', 000864, 4600, 6500, 1, 4600, 6500, 'sukses'),
(000495, '02205358', '2019-02-20 20:53:58', 'umum', 012, 'umum', 000643, 4000, 5000, 1, 4000, 5000, 'sukses'),
(000496, '02205724', '2019-02-20 20:57:24', 'umum', 012, 'umum', 000481, 1000, 1600, 10, 10000, 16000, 'sukses'),
(000497, '02201934', '2019-02-20 21:19:34', 'umum', 012, 'umum', 000554, 3000, 4000, 1, 3000, 4000, 'sukses'),
(000498, '02202255', '2019-02-20 21:22:55', 'umum', 012, 'umum', 000177, 12000, 14000, 1, 12000, 14000, 'sukses'),
(000499, '02202949', '2019-02-20 21:29:49', 'umum', 012, 'umum', 000745, 20000, 27500, 1, 20000, 27500, 'sukses'),
(000500, '02215352', '2019-02-21 08:53:52', 'umum', 013, 'umum', 000560, 2000, 2500, 1, 2000, 2500, 'sukses'),
(000501, '02215352', '2019-02-21 08:53:52', 'umum', 013, 'umum', 000346, 2000, 3000, 4, 8000, 12000, 'sukses'),
(000502, '02215609', '2019-02-21 08:56:09', 'umum', 013, 'umum', 000260, 6000, 6500, 5, 30000, 32500, 'sukses'),
(000505, '02214615', '2019-02-21 09:46:15', 'umum', 013, 'umum', 000514, 1500, 2000, 1, 1500, 2000, 'sukses'),
(000506, '02215511', '2019-02-21 09:55:11', 'umum', 013, 'umum', 000704, 9000, 10000, 1, 9000, 10000, 'sukses'),
(000507, '02210126', '2019-02-21 10:01:26', 'umum', 013, 'umum', 000882, 20000, 30000, 1, 20000, 30000, 'sukses'),
(000508, '02212444', '2019-02-21 10:24:44', 'umum', 013, 'umum', 000344, 230, 350, 30, 6900, 10500, 'sukses'),
(000511, '02213314', '2019-02-21 12:33:14', 'umum', 013, 'umum', 000100, 15000, 19000, 1, 15000, 19000, 'sukses'),
(000512, '02215321', '2019-02-21 12:53:21', 'umum', 013, 'umum', 000807, 400, 600, 30, 12000, 18000, 'sukses'),
(000513, '02214908', '2019-02-21 13:49:08', 'umum', 013, 'umum', 000569, 8000, 10000, 1, 8000, 10000, 'sukses'),
(000514, '02210059', '2019-02-21 14:00:59', 'umum', 013, 'umum', 000896, 9000, 12000, 1, 9000, 12000, 'sukses'),
(000515, '02214044', '2019-02-21 14:40:44', 'umum', 013, 'umum', 000865, 1800, 21000, 1, 1800, 21000, 'batal'),
(000516, '02214044', '2019-02-21 14:40:44', 'umum', 013, 'umum', 000711, 8000, 12500, 3, 24000, 37500, 'batal'),
(000517, '02214044', '2019-02-21 14:40:44', 'umum', 013, 'umum', 000267, 2000, 3000, 2, 4000, 6000, 'sukses'),
(000518, '02214044', '2019-02-21 14:40:44', 'umum', 013, 'umum', 000492, 10000, 12500, 1, 10000, 12500, 'sukses'),
(000519, '02214044', '2019-02-21 14:40:44', 'umum', 013, 'umum', 000522, 3000, 5000, 2, 6000, 10000, 'sukses'),
(000520, '02214044', '2019-02-21 14:40:44', 'umum', 013, 'umum', 000513, 2000, 2500, 2, 4000, 5000, 'sukses'),
(000521, '02214044', '2019-02-21 14:40:44', 'umum', 013, 'umum', 000345, 750, 900, 10, 7500, 9000, 'sukses'),
(000522, '02214044', '2019-02-21 14:40:44', 'umum', 013, 'umum', 000212, 4000, 5000, 1, 4000, 5000, 'sukses'),
(000523, '02214044', '2019-02-21 14:40:44', 'umum', 013, 'umum', 000866, 10000, 13000, 1, 10000, 13000, 'sukses'),
(000524, '02210439', '2019-02-21 15:04:39', 'umum', 013, 'umum', 000345, 750, 900, 10, 7500, 9000, 'sukses'),
(000525, '02211342', '2019-02-21 15:13:42', 'umum', 012, 'umum', 000626, 8000, 11000, 1, 8000, 11000, 'sukses'),
(000526, '02211342', '2019-02-21 15:13:42', 'umum', 012, 'umum', 000721, 11000, 14000, 1, 11000, 14000, 'sukses'),
(000527, '02211804', '2019-02-21 15:18:04', 'umum', 012, 'umum', 000481, 1000, 1600, 10, 10000, 16000, 'sukses'),
(000528, '02211804', '2019-02-21 15:18:04', 'umum', 012, 'umum', 000540, 10000, 12500, 1, 10000, 12500, 'sukses'),
(000529, '02211804', '2019-02-21 15:18:04', 'umum', 012, 'umum', 000873, 2000, 2500, 4, 8000, 10000, 'sukses'),
(000530, '02211804', '2019-02-21 15:18:04', 'umum', 012, 'umum', 000509, 2000, 2500, 4, 8000, 10000, 'sukses'),
(000531, '02211804', '2019-02-21 15:18:04', 'umum', 012, 'umum', 000548, 2000, 2500, 4, 8000, 10000, 'sukses'),
(000532, '02211804', '2019-02-21 15:18:04', 'umum', 012, 'umum', 000560, 2000, 2500, 2, 4000, 5000, 'sukses'),
(000533, '02211804', '2019-02-21 15:18:04', 'umum', 012, 'umum', 000286, 5000, 7500, 1, 5000, 7500, 'sukses'),
(000534, '02211804', '2019-02-21 15:18:04', 'umum', 012, 'umum', 000562, 2500, 3000, 2, 5000, 6000, 'sukses'),
(000535, '02211804', '2019-02-21 15:18:04', 'umum', 012, 'umum', 000518, 2000, 2500, 2, 4000, 5000, 'sukses'),
(000536, '02211804', '2019-02-21 15:18:04', 'umum', 012, 'umum', 000518, 2000, 2500, 2, 4000, 5000, 'sukses'),
(000537, '02213041', '2019-02-21 15:30:41', 'umum', 012, 'umum', 000213, 7000, 10000, 1, 7000, 10000, 'sukses'),
(000538, '02213041', '2019-02-21 15:30:41', 'umum', 012, 'umum', 000495, 5000, 6500, 1, 5000, 6500, 'sukses'),
(000539, '02211316', '2019-02-21 16:13:16', 'umum', 012, 'umum', 000885, 11000, 14000, 1, 11000, 14000, 'sukses'),
(000540, '02211316', '2019-02-21 16:13:16', 'umum', 012, 'umum', 000833, 300, 400, 20, 6000, 8000, 'sukses'),
(000541, '02211531', '2019-02-21 16:15:31', 'umum', 012, 'umum', 000540, 10000, 12500, 1, 10000, 12500, 'sukses'),
(000542, '02211531', '2019-02-21 16:15:31', 'umum', 012, 'umum', 000162, 10500, 13500, 1, 10500, 13500, 'sukses'),
(000543, '02211531', '2019-02-21 16:15:31', 'umum', 012, 'umum', 000212, 4000, 5000, 1, 4000, 5000, 'sukses'),
(000544, '02215954', '2019-02-21 18:59:54', 'umum', 012, 'umum', 000861, 150, 200, 10, 1500, 2000, 'sukses'),
(000545, '02215954', '2019-02-21 18:59:54', 'umum', 012, 'umum', 000852, 300, 450, 10, 3000, 4500, 'sukses'),
(000546, '02215954', '2019-02-21 18:59:54', 'umum', 012, 'umum', 000149, 35000, 41000, 1, 35000, 41000, 'sukses'),
(000547, '02215954', '2019-02-21 18:59:54', 'umum', 012, 'umum', 000817, 350, 550, 10, 3500, 5500, 'sukses'),
(000548, '02210703', '2019-02-21 19:07:03', 'umum', 012, 'umum', 000344, 230, 350, 20, 4600, 7000, 'sukses'),
(000549, '02210703', '2019-02-21 19:07:03', 'umum', 012, 'umum', 000873, 2000, 2500, 1, 2000, 2500, 'sukses'),
(000550, '02210810', '2019-02-21 19:08:10', 'umum', 012, 'umum', 000117, 135000, 142500, 1, 135000, 142500, 'sukses'),
(000551, '02214744', '2019-02-21 19:47:44', 'umum', 012, 'umum', 000694, 24500, 35000, 1, 24500, 35000, 'sukses'),
(000552, '02214744', '2019-02-21 19:47:44', 'umum', 012, 'umum', 000927, 16000, 20000, 2, 32000, 40000, 'sukses'),
(000553, '02214744', '2019-02-21 19:47:44', 'umum', 012, 'umum', 000926, 13000, 16500, 1, 13000, 16500, 'sukses'),
(000554, '02214744', '2019-02-21 19:47:44', 'umum', 012, 'umum', 000509, 2000, 2500, 1, 2000, 2500, 'sukses'),
(000555, '02214744', '2019-02-21 19:47:44', 'umum', 012, 'umum', 000895, 10500, 13500, 1, 10500, 13500, 'sukses'),
(000556, '02214744', '2019-02-21 19:47:44', 'umum', 012, 'umum', 000895, 10500, 13500, 1, 10500, 13500, 'sukses'),
(000557, '02210259', '2019-02-21 20:02:59', 'umum', 012, 'umum', 000343, 250, 400, 10, 2500, 4000, 'sukses'),
(000558, '02210259', '2019-02-21 20:02:59', 'umum', 012, 'umum', 000352, 100, 200, 10, 1000, 2000, 'sukses'),
(000559, '02210610', '2019-02-21 20:06:10', 'umum', 012, 'umum', 000907, 29000, 36500, 1, 29000, 36500, 'sukses'),
(000560, '02212922', '2019-02-21 20:29:22', 'umum', 012, 'umum', 000162, 10500, 13500, 1, 10500, 13500, 'sukses'),
(000561, '02212922', '2019-02-21 20:29:22', 'umum', 012, 'umum', 000212, 4000, 5000, 1, 4000, 5000, 'sukses'),
(000562, '02212922', '2019-02-21 20:29:22', 'umum', 012, 'umum', 000497, 4000, 5500, 1, 4000, 5500, 'sukses'),
(000563, '02212922', '2019-02-21 20:29:22', 'umum', 012, 'umum', 000651, 12000, 15000, 1, 12000, 15000, 'sukses'),
(000564, '02213651', '2019-02-21 20:36:51', 'umum', 012, 'umum', 000651, 12000, 15000, 1, 12000, 15000, 'sukses'),
(000565, '02213651', '2019-02-21 20:36:51', 'umum', 012, 'umum', 000736, 12000, 16500, 1, 12000, 16500, 'sukses'),
(000566, '02215652', '2019-02-21 20:56:52', 'umum', 012, 'umum', 000703, 12000, 15000, 1, 12000, 15000, 'sukses'),
(000567, '02215652', '2019-02-21 20:56:52', 'umum', 012, 'umum', 000363, 150, 250, 10, 1500, 2500, 'sukses'),
(000568, '02215652', '2019-02-21 20:56:52', 'umum', 012, 'umum', 000546, 4500, 5500, 1, 4500, 5500, 'sukses'),
(000569, '02215652', '2019-02-21 20:56:52', 'umum', 012, 'umum', 000937, 150, 200, 30, 4500, 6000, 'sukses'),
(000570, '02215652', '2019-02-21 20:56:52', 'umum', 012, 'umum', 000336, 100, 200, 30, 3000, 6000, 'sukses'),
(000571, '02210726', '2019-02-21 21:07:26', 'umum', 012, 'umum', 000699, 20000, 25000, 1, 20000, 25000, 'sukses'),
(000572, '02210954', '2019-02-21 21:09:54', 'umum', 012, 'umum', 000812, 400, 500, 10, 4000, 5000, 'sukses'),
(000573, '02211449', '2019-02-21 21:14:49', 'umum', 012, 'umum', 000643, 4000, 5000, 1, 4000, 5000, 'sukses'),
(000574, '02225714', '2019-02-22 08:57:14', 'umum', 013, 'umum', 000896, 9000, 12000, 1, 9000, 12000, 'sukses'),
(000575, '02223725', '2019-02-22 09:37:25', 'umum', 013, 'umum', 000926, 13000, 16500, 1, 13000, 16500, 'sukses'),
(000576, '02224052', '2019-02-22 09:40:52', 'umum', 013, 'umum', 000348, 7000, 8000, 2, 14000, 16000, 'sukses'),
(000577, '02224216', '2019-02-22 09:42:16', 'umum', 013, 'umum', 000848, 1000, 1300, 10, 10000, 13000, 'sukses'),
(000578, '02224216', '2019-02-22 09:42:16', 'umum', 013, 'umum', 000852, 300, 450, 10, 3000, 4500, 'sukses'),
(000579, '02224216', '2019-02-22 09:42:16', 'umum', 013, 'umum', 000826, 500, 750, 10, 5000, 7500, 'sukses'),
(000580, '02223020', '2019-02-22 10:30:20', 'umum', 013, 'umum', 000347, 1300, 1800, 10, 13000, 18000, 'sukses'),
(000581, '02225042', '2019-02-22 10:50:42', 'umum', 013, 'umum', 000704, 9000, 10000, 1, 9000, 10000, 'sukses'),
(000582, '02225042', '2019-02-22 10:50:42', 'umum', 013, 'umum', 000347, 1300, 1800, 10, 13000, 18000, 'sukses'),
(000583, '02224653', '2019-02-22 11:46:53', 'umum', 013, 'umum', 000237, 10000, 12000, 1, 10000, 12000, 'sukses'),
(000584, '02223041', '2019-02-22 13:30:41', 'umum', 013, 'umum', 000219, 15000, 17500, 1, 15000, 17500, 'sukses'),
(000585, '02223221', '2019-02-22 13:32:21', 'umum', 013, 'umum', 000950, 12550, 17000, 1, 12550, 17000, 'sukses'),
(000586, '02224345', '2019-02-22 13:43:45', 'umum', 013, 'umum', 000325, 10000, 14000, 1, 10000, 14000, 'sukses'),
(000587, '02224345', '2019-02-22 13:43:45', 'umum', 013, 'umum', 000884, 14500, 18500, 1, 14500, 18500, 'sukses'),
(000588, '02225438', '2019-02-22 13:54:38', 'umum', 013, 'umum', 000650, 70000, 90000, 0, 0, 0, 'sukses'),
(000589, '02221751', '2019-02-22 19:17:51', 'umum', 013, 'umum', 000531, 6500, 8500, 1, 6500, 8500, 'sukses'),
(000590, '02221751', '2019-02-22 19:17:51', 'umum', 013, 'umum', 000884, 14500, 18500, 1, 14500, 17390, 'sukses'),
(000591, '02221751', '2019-02-22 19:17:51', 'umum', 013, 'umum', 000011, 8500, 9000, 1, 8500, 9000, 'sukses'),
(000592, '02221751', '2019-02-22 19:17:51', 'umum', 013, 'umum', 000812, 400, 500, 10, 4000, 5000, 'sukses'),
(000593, '02221751', '2019-02-22 19:17:51', 'umum', 013, 'umum', 000351, 100, 200, 10, 1000, 2000, 'sukses'),
(000594, '02221751', '2019-02-22 19:17:51', 'umum', 013, 'umum', 000551, 1500, 2000, 2, 3000, 4000, 'sukses'),
(000595, '02221751', '2019-02-22 19:17:51', 'umum', 013, 'umum', 000080, 11000, 14000, 1, 11000, 14000, 'sukses'),
(000596, '02221751', '2019-02-22 19:17:51', 'umum', 013, 'umum', 000885, 11000, 14000, 1, 11000, 13300, 'sukses'),
(000597, '02221751', '2019-02-22 19:17:51', 'umum', 013, 'umum', 000753, 18500, 25000, 1, 18500, 25000, 'sukses'),
(000598, '02221751', '2019-02-22 19:17:51', 'umum', 013, 'umum', 000348, 7000, 8000, 2, 14000, 16000, 'sukses'),
(000599, '02221751', '2019-02-22 19:17:51', 'umum', 013, 'umum', 000807, 400, 600, 20, 8000, 12000, 'sukses'),
(000600, '02221751', '2019-02-22 19:17:51', 'umum', 013, 'umum', 000641, 15000, 19000, 1, 15000, 19000, 'sukses'),
(000601, '02221751', '2019-02-22 19:17:51', 'umum', 013, 'umum', 000131, 2500, 5000, 1, 2500, 5000, 'sukses'),
(000602, '02221751', '2019-02-22 19:17:51', 'umum', 013, 'umum', 000315, 8000, 10000, 1, 8000, 10000, 'sukses'),
(000603, '02221751', '2019-02-22 19:17:51', 'umum', 013, 'umum', 000822, 500, 800, 50, 25000, 40000, 'sukses'),
(000604, '02222740', '2019-02-22 19:27:40', 'umum', 013, 'umum', 000893, 26000, 31500, 1, 26000, 31500, 'sukses'),
(000605, '02222740', '2019-02-22 19:27:40', 'umum', 013, 'umum', 000286, 5000, 7500, 1, 5000, 7500, 'sukses'),
(000606, '02222740', '2019-02-22 19:27:40', 'umum', 013, 'umum', 000813, 450, 600, 10, 4500, 6000, 'sukses'),
(000607, '02222740', '2019-02-22 19:27:40', 'umum', 013, 'umum', 000351, 100, 200, 10, 1000, 2000, 'sukses'),
(000608, '02222740', '2019-02-22 19:27:40', 'umum', 013, 'umum', 000864, 4600, 6500, 1, 4600, 6500, 'sukses'),
(000609, '02222740', '2019-02-22 19:27:40', 'umum', 013, 'umum', 000637, 6000, 9000, 1, 6000, 9000, 'sukses'),
(000610, '02222740', '2019-02-22 19:27:40', 'umum', 013, 'umum', 000223, 2500, 3500, 1, 2500, 3500, 'sukses'),
(000611, '02222740', '2019-02-22 19:27:40', 'umum', 013, 'umum', 000344, 230, 350, 10, 2300, 3500, 'sukses'),
(000612, '02222740', '2019-02-22 19:27:40', 'umum', 013, 'umum', 000866, 10000, 13000, 1, 10000, 13000, 'sukses'),
(000613, '02222740', '2019-02-22 19:27:40', 'umum', 013, 'umum', 000202, 7000, 8500, 1, 7000, 8500, 'sukses'),
(000614, '02222740', '2019-02-22 19:27:40', 'umum', 013, 'umum', 000704, 9000, 10000, 1, 9000, 10000, 'sukses'),
(000615, '02222740', '2019-02-22 19:27:40', 'umum', 013, 'umum', 000307, 8500, 11000, 1, 8500, 11000, 'sukses'),
(000616, '02222740', '2019-02-22 19:27:40', 'umum', 013, 'umum', 000628, 25000, 31500, 1, 25000, 31500, 'sukses'),
(000617, '02222740', '2019-02-22 19:27:40', 'umum', 013, 'umum', 000538, 1500, 2000, 6, 9000, 12000, 'sukses'),
(000618, '02222740', '2019-02-22 19:27:40', 'umum', 013, 'umum', 000950, 12550, 17000, 1, 12550, 17000, 'sukses'),
(000619, '02222740', '2019-02-22 19:27:40', 'umum', 013, 'umum', 000080, 11000, 14000, 1, 11000, 14000, 'sukses'),
(000620, '02222740', '2019-02-22 19:27:40', 'umum', 013, 'umum', 000937, 150, 200, 40, 6000, 8000, 'sukses'),
(000621, '02222740', '2019-02-22 19:27:40', 'umum', 013, 'umum', 000336, 100, 200, 40, 4000, 8000, 'sukses'),
(000622, '02222922', '2019-02-22 19:29:22', 'umum', 013, 'umum', 000537, 30000, 39000, 1, 30000, 39000, 'sukses'),
(000623, '02224105', '2019-02-22 19:41:05', 'umum', 013, 'umum', 000952, 17000, 20000, 1, 17000, 20000, 'sukses'),
(000626, '02224741', '2019-02-22 19:47:41', 'umum', 013, 'umum', 000946, 3000, 3500, 10, 30000, 35000, 'sukses'),
(000627, '02225003', '2019-02-22 19:50:03', 'umum', 013, 'umum', 000812, 400, 500, 20, 8000, 10000, 'sukses'),
(000628, '02225003', '2019-02-22 19:50:03', 'umum', 013, 'umum', 000626, 8000, 11000, 1, 8000, 11000, 'sukses'),
(000629, '02225708', '2019-02-22 19:57:08', 'umum', 013, 'umum', 000551, 1500, 2000, 1, 1500, 2000, 'sukses'),
(000630, '02225708', '2019-02-22 19:57:08', 'umum', 013, 'umum', 000344, 230, 350, 20, 4600, 7000, 'sukses'),
(000631, '02225921', '2019-02-22 19:59:21', 'umum', 013, 'umum', 000936, 13000, 16500, 1, 13000, 16500, 'batal'),
(000632, '02225921', '2019-02-22 19:59:21', 'umum', 013, 'umum', 000706, 30000, 44000, 1, 30000, 44000, 'batal'),
(000633, '02221055', '2019-02-22 20:10:55', 'umum', 013, 'umum', 000950, 12550, 17000, 1, 12550, 17000, 'sukses'),
(000634, '02221257', '2019-02-22 20:12:57', 'umum', 013, 'umum', 000283, 5000, 7500, 1, 5000, 7500, 'sukses'),
(000635, '02221257', '2019-02-22 20:12:57', 'umum', 013, 'umum', 000548, 2000, 2500, 2, 4000, 5000, 'sukses'),
(000636, '02221257', '2019-02-22 20:12:57', 'umum', 013, 'umum', 000518, 2000, 2500, 2, 4000, 5000, 'sukses'),
(000637, '02221257', '2019-02-22 20:12:57', 'umum', 013, 'umum', 000811, 2000, 2500, 10, 20000, 25000, 'sukses'),
(000638, '02222655', '2019-02-22 20:26:55', 'umum', 013, 'umum', 000554, 3000, 4000, 1, 3000, 4000, 'sukses'),
(000639, '02222906', '2019-02-22 20:29:06', 'umum', 013, 'umum', 000812, 400, 500, 10, 4000, 5000, 'sukses'),
(000640, '02222906', '2019-02-22 20:29:06', 'umum', 013, 'umum', 000351, 100, 200, 10, 1000, 2000, 'sukses'),
(000641, '02224405', '2019-02-22 20:44:05', 'umum', 013, 'umum', 000085, 17000, 17500, 1, 17000, 17500, 'sukses'),
(000642, '02220226', '2019-02-22 21:02:26', 'umum', 013, 'umum', 000119, 18000, 23500, 1, 18000, 23500, 'batal'),
(000643, '02220557', '2019-02-22 21:05:57', 'umum', 013, 'umum', 000950, 12550, 17000, 1, 12550, 17000, 'sukses'),
(000644, '02220908', '2019-02-22 21:09:08', 'umum', 013, 'umum', 000344, 230, 350, 10, 2300, 3500, 'sukses'),
(000645, '02220908', '2019-02-22 21:09:08', 'umum', 013, 'umum', 000393, 2500, 3000, 0, 0, 0, 'sukses'),
(000646, '02221016', '2019-02-22 21:10:16', 'umum', 013, 'umum', 000344, 230, 350, 10, 2300, 3500, 'sukses'),
(000647, '02221016', '2019-02-22 21:10:16', 'umum', 013, 'umum', 000922, 21000, 26500, 1, 21000, 26500, 'sukses'),
(000648, '02221016', '2019-02-22 21:10:16', 'umum', 013, 'umum', 000314, 5000, 8000, 1, 5000, 8000, 'sukses'),
(000649, '02221148', '2019-02-22 21:11:48', 'umum', 013, 'umum', 000522, 3000, 5000, 2, 6000, 9000, 'sukses'),
(000650, '02221426', '2019-02-22 21:14:26', 'umum', 013, 'umum', 000145, 30000, 37500, 1, 30000, 37500, 'batal'),
(000651, '02223033', '2019-02-22 21:30:33', 'umum', 013, 'umum', 000301, 7000, 9000, 2, 14000, 18000, 'sukses'),
(000652, '02235503', '2019-02-23 08:55:03', 'umum', 013, 'umum', 000935, 12000, 15000, 1, 12000, 15000, 'sukses'),
(000653, '02235503', '2019-02-23 08:55:03', 'umum', 013, 'umum', 000538, 1500, 2000, 4, 6000, 8000, 'sukses'),
(000654, '02230410', '2019-02-23 09:04:10', 'umum', 013, 'umum', 000882, 800, 1000, 2, 1600, 2000, 'sukses'),
(000655, '02231948', '2019-02-23 09:19:48', 'umum', 013, 'umum', 000870, 9000, 10000, 1, 9000, 10000, 'sukses'),
(000656, '02232106', '2019-02-23 09:21:06', 'umum', 013, 'umum', 000894, 3500, 5000, 2, 7000, 10000, 'sukses'),
(000657, '02233403', '2019-02-23 10:34:03', 'umum', 013, 'umum', 000813, 450, 600, 10, 4500, 6000, 'sukses'),
(000658, '02231507', '2019-02-23 11:15:07', 'umum', 013, 'umum', 000089, 12000, 14000, 1, 12000, 14000, 'sukses'),
(000659, '02233954', '2019-02-23 11:39:54', 'umum', 013, 'umum', 000877, 2000, 3000, 2, 4000, 6000, 'sukses'),
(000660, '02233954', '2019-02-23 11:39:54', 'umum', 013, 'umum', 000270, 7000, 8500, 2, 14000, 17000, 'sukses'),
(000661, '02230155', '2019-02-23 12:01:55', 'umum', 013, 'umum', 000769, 5000, 7500, 1, 5000, 7500, 'sukses'),
(000662, '02230242', '2019-02-23 12:02:42', 'umum', 013, 'umum', 000521, 2000, 2500, 2, 4000, 5000, 'sukses'),
(000663, '02233147', '2019-02-23 12:31:47', 'umum', 013, 'umum', 000363, 150, 250, 20, 3000, 5000, 'sukses'),
(000664, '02234326', '2019-02-23 12:43:26', 'umum', 013, 'umum', 000882, 800, 1000, 2, 1600, 2000, 'sukses'),
(000670, '02230754', '2019-02-23 14:07:54', 'umum', 013, 'umum', 000270, 7000, 8500, 2, 14000, 17000, 'sukses'),
(000674, '02231942', '2019-02-23 14:19:42', 'umum', 013, 'umum', 000067, 26500, 33500, 1, 26500, 33500, 'sukses'),
(000675, '02232235', '2019-02-23 14:22:35', 'umum', 013, 'umum', 000703, 12000, 15000, 1, 12000, 15000, 'sukses'),
(000676, '02232917', '2019-02-23 14:29:17', 'umum', 013, 'umum', 000545, 5000, 7500, 2, 10000, 15000, 'sukses'),
(000702, '02231548', '2019-02-23 17:15:48', 'umum', 013, 'umum', 000869, 1500, 2000, 2, 3000, 4000, 'batal'),
(000713, '02232209', '2019-02-23 17:22:09', 'umum', 013, 'umum', 000823, 1000, 1100, 10, 10000, 11000, 'sukses'),
(000724, '02232703', '2019-02-23 17:27:03', 'umum', 013, 'umum', 000822, 500, 800, 20, 10000, 16000, 'sukses'),
(000725, '02233057', '2019-02-23 17:30:57', 'umum', 013, 'umum', 000518, 2000, 2500, 1, 2000, 2500, 'sukses'),
(000726, '02233057', '2019-02-23 17:30:57', 'umum', 013, 'umum', 000866, 10000, 13000, 1, 10000, 13000, 'sukses'),
(000727, '02233057', '2019-02-23 17:30:57', 'umum', 013, 'umum', 000649, 45000, 64000, 1, 45000, 64000, 'sukses'),
(000728, '02233057', '2019-02-23 17:30:57', 'umum', 013, 'umum', 000823, 1000, 1100, 10, 10000, 11000, 'sukses'),
(000729, '02233057', '2019-02-23 17:30:57', 'umum', 013, 'umum', 000821, 200, 250, 10, 2000, 2500, 'sukses'),
(000730, '02233057', '2019-02-23 17:30:57', 'umum', 013, 'umum', 000812, 400, 500, 20, 8000, 10000, 'sukses'),
(000731, '02233057', '2019-02-23 17:30:57', 'umum', 013, 'umum', 000140, 35000, 40000, 1, 35000, 40000, 'sukses'),
(000732, '02233057', '2019-02-23 17:30:57', 'umum', 013, 'umum', 000896, 9000, 12000, 2, 18000, 24000, 'sukses'),
(000733, '02233057', '2019-02-23 17:30:57', 'umum', 013, 'umum', 000363, 150, 250, 20, 3000, 5000, 'sukses'),
(000734, '02233057', '2019-02-23 17:30:57', 'umum', 013, 'umum', 000508, 1250, 1500, 1, 1250, 1500, 'sukses'),
(000735, '02233057', '2019-02-23 17:30:57', 'umum', 013, 'umum', 000348, 7000, 8000, 2, 14000, 16000, 'sukses'),
(000736, '02234317', '2019-02-23 17:43:17', 'umum', 013, 'umum', 000773, 21000, 24000, 1, 21000, 24000, 'sukses'),
(000737, '02235446', '2019-02-23 17:54:46', 'umum', 013, 'umum', 000951, 16850, 22000, 1, 16850, 22000, 'sukses'),
(000738, '02235558', '2019-02-23 17:55:58', 'umum', 013, 'umum', 000125, 20000, 23000, 1, 20000, 23000, 'sukses'),
(000739, '02235558', '2019-02-23 17:55:58', 'umum', 013, 'umum', 000734, 4500, 6000, 1, 4500, 6000, 'sukses'),
(000740, '02235629', '2019-02-23 17:56:29', 'umum', 013, 'umum', 000147, 38000, 41000, 1, 38000, 41000, 'sukses'),
(000741, '02233333', '2019-02-23 18:33:33', 'umum', 012, 'umum', 000770, 15000, 18000, 1, 15000, 18000, 'sukses'),
(000742, '02233333', '2019-02-23 18:33:33', 'umum', 012, 'umum', 000162, 10500, 13500, 2, 21000, 27000, 'sukses'),
(000745, '02235900', '2019-02-23 18:59:00', 'umum', 012, 'umum', 000763, 2200, 2400, 15, 33000, 36000, 'sukses'),
(000746, '02235900', '2019-02-23 18:59:00', 'umum', 012, 'umum', 000348, 7000, 8000, 5, 35000, 40000, 'sukses'),
(000747, '02235900', '2019-02-23 18:59:00', 'umum', 012, 'umum', 000212, 4000, 5000, 1, 4000, 5000, 'sukses'),
(000748, '02235900', '2019-02-23 18:59:00', 'umum', 012, 'umum', 000894, 3500, 5000, 1, 3500, 5000, 'sukses'),
(000749, '02235900', '2019-02-23 18:59:00', 'umum', 012, 'umum', 000898, 5000, 8000, 1, 5000, 8000, 'sukses'),
(000750, '02231044', '2019-02-23 19:10:44', 'umum', 012, 'umum', 000915, 55000, 69000, 1, 55000, 69000, 'sukses'),
(000751, '02231452', '2019-02-23 19:14:52', 'umum', 012, 'umum', 000864, 4600, 6500, 1, 4600, 6500, 'sukses'),
(000752, '02231452', '2019-02-23 19:14:52', 'umum', 012, 'umum', 000559, 6000, 8000, 1, 6000, 8000, 'sukses'),
(000753, '02231452', '2019-02-23 19:14:52', 'umum', 012, 'umum', 000508, 1250, 1500, 2, 2500, 3000, 'sukses'),
(000754, '02231714', '2019-02-23 19:17:14', 'umum', 012, 'umum', 000685, 30000, 37500, 2, 60000, 75000, 'sukses'),
(000755, '02231714', '2019-02-23 19:17:14', 'umum', 012, 'umum', 000225, 4000, 5000, 1, 4000, 5000, 'sukses'),
(000756, '02230255', '2019-02-23 20:02:55', 'umum', 012, 'umum', 000268, 15000, 17000, 1, 15000, 17000, 'sukses'),
(000757, '02230347', '2019-02-23 20:03:47', 'umum', 012, 'umum', 000106, 10000, 12500, 1, 10000, 12500, 'sukses'),
(000758, '02233154', '2019-02-23 20:31:54', 'umum', 012, 'umum', 000807, 400, 600, 10, 4000, 6000, 'sukses'),
(000759, '02231757', '2019-02-23 21:17:57', 'umum', 012, 'umum', 000672, 17000, 25000, 1, 17000, 25000, 'sukses'),
(000760, '02234857', '2019-02-23 21:48:57', 'umum', 012, 'umum', 000643, 4500, 6000, 1, 4500, 6000, 'sukses'),
(000761, '02234857', '2019-02-23 21:48:57', 'umum', 012, 'umum', 000950, 12550, 17000, 1, 12550, 17000, 'sukses'),
(000762, '02244431', '2019-02-24 08:44:31', 'umum', 011, 'umum', 000355, 330, 450, 10, 3300, 4500, 'sukses'),
(000763, '02244431', '2019-02-24 08:44:31', 'umum', 011, 'umum', 000162, 10500, 13500, 1, 10500, 13500, 'sukses'),
(000764, '02244638', '2019-02-24 08:46:38', 'umum', 011, 'umum', 000643, 4500, 6000, 1, 4500, 6000, 'sukses'),
(000765, '02241533', '2019-02-24 09:15:33', 'umum', 011, 'umum', 000124, 16500, 21000, 1, 16500, 21000, 'sukses'),
(000766, '02241533', '2019-02-24 09:15:33', 'umum', 011, 'umum', 000127, 11500, 14500, 1, 11500, 14500, 'sukses'),
(000767, '02241646', '2019-02-24 09:16:46', 'umum', 011, 'umum', 000202, 7000, 8500, 1, 7000, 8500, 'sukses'),
(000770, '02242114', '2019-02-24 09:21:14', 'umum', 011, 'umum', 000950, 12550, 17000, 1, 12550, 17000, 'sukses'),
(000773, '02243043', '2019-02-24 09:30:43', 'umum', 011, 'umum', 000119, 18000, 23500, 1, 18000, 23500, 'batal'),
(000774, '02244048', '2019-02-24 09:40:48', 'umum', 011, 'umum', 000315, 8000, 10000, 1, 8000, 10000, 'sukses'),
(000775, '02244048', '2019-02-24 09:40:48', 'umum', 011, 'umum', 000809, 250, 350, 10, 2500, 3500, 'sukses'),
(000776, '02244048', '2019-02-24 09:40:48', 'umum', 011, 'umum', 000351, 100, 200, 10, 1000, 2000, 'sukses'),
(000777, '02244147', '2019-02-24 09:41:47', 'umum', 011, 'umum', 000522, 3000, 5000, 1, 3000, 5000, 'sukses'),
(000778, '02244954', '2019-02-24 09:49:54', 'umum', 011, 'umum', 000088, 15500, 19500, 1, 15500, 19500, 'sukses'),
(000779, '2244955', '2019-04-06 08:44:23', 'umum', 007, 'umum', 000252, 8000, 10000, 3, 24000, 30000, 'sukses'),
(000780, '2244955', '2019-04-06 08:44:23', 'umum', 007, 'umum', 000066, 50000, 51500, 3, 150000, 154500, 'sukses'),
(000781, '2244956', '2019-04-07 21:13:45', 'umum', 007, 'umum', 000003, 43000, 54000, 10, 430000, 540000, 'sukses'),
(000782, '2244957', '2019-04-08 20:33:58', 'umum', 007, 'umum', 000063, 65000, 69000, 2, 130000, 138000, 'sukses'),
(000783, '2244958', '2019-04-08 23:27:21', 'umum', 007, 'umum', 000454, 6000, 8000, 10, 60000, 80000, 'sukses'),
(000784, '2244958', '2019-04-08 23:27:21', 'umum', 007, 'umum', 000686, 30000, 37500, 2, 60000, 75000, 'sukses'),
(000785, '2244959', '2019-04-11 13:53:13', 'umum', 007, 'umum', 000118, 75000, 86500, 2, 150000, 173000, 'sukses'),
(000786, '2244960', '2019-04-11 13:53:37', 'umum', 007, 'umum', 000064, 55000, 56500, 2, 110000, 113000, 'sukses'),
(000787, '2244960', '2019-04-11 13:53:37', 'umum', 007, 'umum', 000755, 48000, 65000, 3, 144000, 195000, 'sukses'),
(000788, '2244961', '2019-04-12 11:33:40', 'umum', 007, 'umum', 000065, 43000, 54000, 2, 86000, 108000, 'sukses'),
(000789, '2244961', '2019-04-12 11:33:40', 'umum', 007, 'umum', 000007, 4000, 5000, 10, 40000, 50000, 'sukses'),
(000790, '2244962', '2019-04-13 09:58:12', 'umum', 007, 'umum', 000211, 4000, 5000, 3, 12000, 15000, 'sukses'),
(000791, '2244963', '2019-04-10 10:21:30', 'umum', 007, 'umum', 000825, 200, 300, 20, 4000, 6000, 'sukses'),
(000792, '2244963', '2019-04-10 10:21:30', 'umum', 007, 'umum', 000656, 104000, 120000, 4, 416000, 480000, 'sukses'),
(000793, '2244964', '2019-05-10 16:06:15', 'umum', 007, 'umum', 000252, 8000, 10000, 2, 16000, 20000, 'sukses'),
(000794, '2244965', '2019-05-29 08:24:22', 'umum', 007, 'umum', 000253, 8000, 10000, 2, 16000, 20000, 'sukses'),
(000795, '2244966', '2019-05-30 12:17:18', 'umum', 007, 'umum', 000252, 8000, 10000, 20, 160000, 200000, 'sukses'),
(000796, '2244966', '2019-05-30 12:19:23', 'umum', 007, 'umum', 000252, 8000, 10000, 20, 160000, 200000, 'sukses'),
(000797, '2244967', '2019-05-30 12:19:49', 'umum', 007, 'umum', 000252, 8000, 10000, 20, 160000, 200000, 'sukses'),
(000798, '2244968', '2019-05-30 14:32:08', 'umum', 007, 'umum', 000303, 11000, 14500, 333, 3663000, 4828500, 'sukses'),
(000799, '2244969', '2019-06-01 00:01:00', 'umum', 007, 'umum', 000937, 150, 250, 5, 750, 1250, 'sukses'),
(000800, '2244969', '2019-06-01 00:01:00', 'umum', 007, 'umum', 000851, 500, 700, 3, 1500, 2100, 'sukses'),
(000801, '2244970', '2019-06-01 00:03:04', 'umum', 007, 'umum', 000677, 24000, 35000, 2, 48000, 70000, 'sukses'),
(000802, '2244971', '2019-06-01 15:37:21', 'umum', 007, 'umum', 000643, 4500, 6000, 5, 22500, 30000, 'sukses'),
(000803, '2244971', '2019-06-01 15:37:21', 'umum', 007, 'umum', 000253, 8000, 10000, 1, 8000, 10000, 'sukses'),
(000804, '2244972', '2019-06-02 13:38:08', 'umum', 007, 'umum', 000730, 9000, 14000, 3, 27000, 42000, 'sukses'),
(000805, '2244973', '2019-06-02 13:39:07', 'umum', 007, 'umum', 000836, 4000, 6000, 4, 16000, 24000, 'sukses'),
(000806, '2244973', '2019-06-02 13:39:07', 'umum', 007, 'umum', 000696, 195000, 244000, 3, 585000, 732000, 'batal'),
(000807, '2244974', '2019-06-02 14:02:00', 'umum', 007, 'umum', 000961, 55, 66, 15, 825, 990, 'batal'),
(000808, '2244974', '2019-06-02 14:02:00', 'umum', 007, 'umum', 000962, 700, 800, 5, 3500, 4000, 'batal'),
(000809, '2244974', '2019-06-02 14:02:00', 'umum', 007, 'umum', 000960, 40, 60, 1, 40, 60, 'batal'),
(000810, '2244975', '2019-06-02 14:25:55', 'umum', 007, 'umum', 000961, 55, 66, 5, 275, 330, 'sukses'),
(000811, '2244975', '2019-06-02 14:25:55', 'umum', 007, 'umum', 000962, 700, 800, 5, 3500, 4000, 'sukses'),
(000812, '2244975', '2019-06-02 14:25:55', 'umum', 007, 'umum', 000677, 24000, 35000, 1, 24000, 35000, 'batal'),
(000813, '2244976', '2019-06-02 14:39:32', 'umum', 007, 'umum', 000253, 8000, 10000, 10, 80000, 100000, 'sukses'),
(000814, '2244976', '2019-06-02 14:39:32', 'umum', 007, 'umum', 000592, 6000, 8000, 1, 6000, 8000, 'sukses'),
(000815, '2244976', '2019-06-02 14:39:32', 'umum', 007, 'umum', 000005, 36000, 38000, 1, 36000, 38000, 'sukses'),
(000816, '2244977', '2019-06-02 14:39:51', 'umum', 007, 'umum', 000700, 20000, 25000, 2, 40000, 50000, 'sukses'),
(000817, '2244978', '2019-06-02 14:41:05', 'umum', 007, 'umum', 000703, 12000, 15000, 2, 24000, 30000, 'sukses');

-- --------------------------------------------------------

--
-- Struktur dari tabel `retur`
--

CREATE TABLE `retur` (
  `id` int(3) UNSIGNED ZEROFILL NOT NULL,
  `user_id` int(3) UNSIGNED ZEROFILL NOT NULL,
  `id_supplier` int(6) UNSIGNED ZEROFILL NOT NULL,
  `nama` varchar(40) NOT NULL,
  `id_produk` int(6) UNSIGNED ZEROFILL NOT NULL,
  `tanggal` datetime NOT NULL DEFAULT CURRENT_TIMESTAMP,
  `jumlah` int(4) NOT NULL,
  `modal` int(10) NOT NULL
) ENGINE=InnoDB DEFAULT CHARSET=utf8;

--
-- Dumping data untuk tabel `retur`
--

INSERT INTO `retur` (`id`, `user_id`, `id_supplier`, `nama`, `id_produk`, `tanggal`, `jumlah`, `modal`) VALUES
(001, 007, 000003, 'Abbocath 20', 000253, '2019-05-31 23:16:34', 7, 8000);

-- --------------------------------------------------------

--
-- Struktur dari tabel `stok`
--

CREATE TABLE `stok` (
  `id` int(6) UNSIGNED ZEROFILL NOT NULL,
  `nama` varchar(45) DEFAULT NULL,
  `kategori` varchar(45) DEFAULT NULL,
  `deskripsi` varchar(45) DEFAULT NULL,
  `stok` int(11) DEFAULT NULL,
  `modal` int(10) DEFAULT NULL,
  `jual` int(10) DEFAULT NULL,
  `dibuat` timestamp NULL DEFAULT CURRENT_TIMESTAMP,
  `jenis` varchar(10) DEFAULT NULL
) ENGINE=InnoDB DEFAULT CHARSET=utf8;

--
-- Dumping data untuk tabel `stok`
--

INSERT INTO `stok` (`id`, `nama`, `kategori`, `deskripsi`, `stok`, `modal`, `jual`, `dibuat`, `jenis`) VALUES
(000003, 'Actifed Hijau 60ml', 'sirup', 'expectorant (batuk berdahak)', -4, 43000, 54000, '2019-02-14 03:52:14', NULL),
(000004, 'Bevalex 5gr', 'salep', 'obat gatal', 7, 11000, 14000, '2019-02-14 13:54:14', NULL),
(000005, 'Benoson 15gr', 'salep', 'obat gatal', 0, 36000, 38000, '2019-02-13 08:51:13', NULL),
(000006, 'Betason N 5gr', 'salep', 'obat gatal', 4, 15000, 17000, '2019-02-14 13:55:14', NULL),
(000007, 'Acyclovir  5gr', 'salep', 'obat cacar', -8, 4000, 5000, '2019-02-13 08:52:13', NULL),
(000008, 'Betametason 5gr', 'salep', 'obat gatal', 0, 1500, 3000, '2019-02-13 08:53:13', NULL),
(000009, 'Gentamicin 5gr', 'salep', 'antibiotik', 2, 1500, 3000, '2019-02-13 08:54:13', NULL),
(000010, 'Hydrocortsion 5gr', 'salep', 'obat gatal', 2, 3500, 5000, '2019-02-13 08:55:13', NULL),
(000011, 'Ketoconazole 5gr', 'salep', 'obat jamur', 10, 8500, 9000, '2019-02-14 04:44:14', NULL),
(000012, 'Cotrimoxazole 60ml', 'Sirup', 'antibiotik', 2, 2500, 4500, '2019-02-13 08:57:13', NULL),
(000013, 'Ambroxol 60ml', 'Sirup', 'expectorant', 2, 5000, 7000, '2019-02-13 08:57:13', NULL),
(000014, 'Bufacort N 5gr', 'salep', 'obat gatal', 0, 6500, 7000, '2019-02-13 08:58:13', NULL),
(000015, 'Centabio gel', 'salep', 'luka bakar', 2, 25000, 27000, '2019-02-13 08:59:13', NULL),
(000016, 'Kloderma 5gr', 'salep', 'eksim', 2, 22000, 23000, '2019-02-13 08:59:13', NULL),
(000017, 'Genalten 5gr', 'salep', 'obat gatal', 0, 6500, 7000, '2019-02-13 09:01:13', NULL),
(000018, 'Denomix 10gr', 'salep', 'obat gatal', 1, 10000, 11000, '2019-02-13 09:01:13', NULL),
(000019, 'Nisagon 5gr', 'salep', 'obat gatal', 2, 5000, 8000, '2019-02-13 09:05:13', NULL),
(000020, 'Garabiotic 15gr', 'salep', 'antibiotik', 2, 25000, 27500, '2019-02-13 09:06:13', NULL),
(000021, 'Lexacorton 5gr', 'salep', 'obat gatal', 1, 5000, 6500, '2019-02-13 09:14:13', NULL),
(000022, 'Trifacyclin 15gr', 'salep', 'obat gatal', 1, 6500, 8000, '2019-02-13 09:14:13', NULL),
(000023, 'Trifamycetin 15gr', 'salep', 'obat gatal', 2, 8000, 10000, '2019-02-13 09:15:13', NULL),
(000024, 'Klorfeson 10gr', 'salep', 'obat gatal', 2, 7000, 9000, '2019-02-13 09:15:13', NULL),
(000025, 'Iflacort 5gr', 'salep', 'obat gatal', 1, 48000, 50500, '2019-02-13 09:16:13', NULL),
(000026, 'Protocort 10gr', 'salep', 'obat gatal', 1, 37000, 38500, '2019-02-13 09:17:13', NULL),
(000027, 'Liposin 10gr', 'salep', 'obat gatal', 2, 50000, 52000, '2019-02-13 09:20:13', NULL),
(000028, 'Clinovir 10gr', 'salep', 'obat gatal', 2, 40000, 43000, '2019-02-13 09:21:13', NULL),
(000029, 'Hercum 10gr', 'salep', 'obat gatal', 1, 32000, 34000, '2019-02-13 09:21:13', NULL),
(000030, 'Rozgra 100mg', 'Tablet', 'belum diketahui', 4, 85000, 86000, '2019-02-13 09:22:13', NULL),
(000031, 'Candesartan 16mg', 'Tablet', 'Obat Hipertensi', 20, 700, 900, '2019-02-13 09:24:13', NULL),
(000032, 'Ketoprofen 100mg', 'Tablet', 'belum diketahui', 20, 1500, 1600, '2019-02-13 09:24:13', NULL),
(000033, 'Ketros tab', 'Tablet', 'belum diketahui', 20, 4100, 4300, '2019-02-13 09:25:13', NULL),
(000034, 'Hapsen 5mg', 'Tablet', 'belum diketahui', 20, 7800, 8200, '2019-02-13 09:26:13', NULL),
(000035, 'Clinovir 200mg', 'Tablet', 'obat cacar', 20, 5800, 5900, '2019-02-13 09:26:13', NULL),
(000036, 'Biatron 500mg', 'Tablet', 'belum diketahui', 20, 1500, 1700, '2019-02-13 09:27:13', NULL),
(000037, 'Valdres', 'Tablet', 'belum diketahui', 20, 2700, 3000, '2019-02-13 09:28:13', NULL),
(000038, 'Dizine 5mg', 'Tablet', 'belum diketahui', 20, 6500, 7000, '2019-02-13 09:28:13', NULL),
(000039, 'Rhomuz', 'Tablet', 'belum diketahui', 20, 2500, 2700, '2019-02-13 09:29:13', NULL),
(000040, 'Gensia', 'Tablet', 'belum diketahui', 20, 11500, 12500, '2019-02-13 09:29:13', NULL),
(000041, 'Stavinor 20mg', 'Tablet', 'belum diketahui', 20, 13000, 15000, '2019-02-13 09:30:13', NULL),
(000042, 'Spironolactone', 'Tablet', 'belum diketahui', 20, 400, 500, '2019-02-13 09:30:13', NULL),
(000043, 'Limoxin', 'Tablet', 'belum diketahui', 10, 1100, 1200, '2019-02-13 09:31:13', NULL),
(000044, 'Drovax', 'Tablet', 'belum diketahui', 20, 3200, 3400, '2019-02-13 09:31:13', NULL),
(000045, 'Darvon 6mg', 'Tablet', 'belum diketahui', 10, 3200, 3300, '2019-02-13 09:42:13', NULL),
(000046, 'Quinobiotic', 'Tablet', 'belum diketahui', 20, 13000, 15000, '2019-02-13 09:33:13', NULL),
(000047, 'Piracetam 400mg', 'Tablet', 'belum diketahui', 20, 600, 700, '2019-02-13 09:33:13', NULL),
(000048, 'Piracetam 800mg', 'Tablet', 'belum diketahui', 20, 800, 1000, '2019-02-13 09:34:13', NULL),
(000049, 'Piracetam 1200mg', 'Tablet', 'belum diketahui', 20, 1500, 1700, '2019-02-13 09:35:13', NULL),
(000050, 'Proxona', 'Tablet', 'belum diketahui', 20, 200, 250, '2019-02-13 09:35:13', NULL),
(000051, 'Euphylline', 'Tablet', 'obat asma', 20, 4200, 4400, '2019-02-13 09:36:13', NULL),
(000052, 'Clinidac 150mg', 'Tablet', 'antibiotik', 20, 400, 500, '2019-02-13 09:36:13', NULL),
(000053, 'Rechol 5mg', 'Tablet', 'belum diketahui', 20, 8000, 10000, '2019-02-13 09:37:13', NULL),
(000054, 'Rechol 20mg', 'Tablet', 'belum diketahui', 20, 800, 10000, '2019-02-13 09:41:13', NULL),
(000055, 'Kolton 100mg', 'Tablet', 'belum diketahui', 20, 1700, 1800, '0000-00-00 00:00:00', NULL),
(000056, 'Rozgra 50mg', 'Tablet', 'belum diketahui', 8, 65000, 69000, '2019-02-13 09:44:13', NULL),
(000057, 'Clinovir 400mg', 'Tablet', 'obat cacar', 20, 9500, 10300, '2019-02-13 09:46:13', NULL),
(000058, 'Amtocort 4mg', 'Tablet', 'belum diketahui', 20, 3700, 3900, '2019-02-13 09:46:13', NULL),
(000059, 'Lapistan 500mg', 'Tablet', 'belum diketahui', 20, 1400, 1600, '2019-02-13 09:47:13', NULL),
(000060, 'Kalmethason 0,5mg', 'Tablet', 'anti radang', 20, 100, 150, '2019-02-13 09:47:13', NULL),
(000061, 'Bronchitin 60ml', 'Sirup', 'obat batuk', 2, 5000, 6500, '2019-02-14 03:50:14', NULL),
(000062, 'Bronkris 60ml', 'Sirup', 'obat batuk', 1, 8000, 9500, '2019-02-14 03:50:14', NULL),
(000063, 'Alco plus 100ml', 'Sirup', 'obat flu', 0, 65000, 69000, '2019-02-14 03:51:14', NULL),
(000064, 'Alco plus DMP 100ml', 'Sirup', 'obat batuk flu', 0, 55000, 56500, '2019-02-14 03:51:14', NULL),
(000065, 'Actifed Merah 60ml', 'Sirup', 'obat batuk', 0, 43000, 54000, '2019-02-24 02:52:24', NULL),
(000066, 'Actifed Kuning 60ml', 'Sirup', 'obat flu', -1, 50000, 51500, '2019-02-14 03:51:14', NULL),
(000067, 'Nellco spesial 100ml', 'Sirup', 'obat batuk', 3, 26500, 33500, '2019-02-17 01:56:17', NULL),
(000068, 'Nellco spesial 60ml', 'Sirup', 'obat batuk', 2, 19500, 24500, '2019-02-14 03:52:14', NULL),
(000069, 'Bisolvon Extra 60ml', 'Sirup', 'obat batuk', 3, 45000, 47500, '2019-02-14 03:52:14', NULL),
(000070, 'Colfin 60ml', 'Sirup', 'obat batuk', 1, 12000, 14000, '2019-02-13 10:08:13', NULL),
(000071, 'Laserin 30ml', 'Sirup', 'obat batuk herba\'', 4, 5000, 5500, '2019-02-14 03:53:14', NULL),
(000073, 'Laserin 60ml', 'Sirup', 'obat batuk herbal', 2, 10000, 11000, '2019-02-14 03:54:14', NULL),
(000074, 'Laserin 110ml', 'Sirup', 'obat batuk herbal', 4, 17000, 18500, '2019-02-14 03:54:14', NULL),
(000075, 'OBM 60ml', 'Sirup', 'obat batuk herbal', 1, 8000, 9000, '2019-02-13 10:12:13', NULL),
(000076, 'Decadril 60ml', 'Sirup', 'obat batuk', 3, 10000, 12500, '2019-02-13 10:14:13', NULL),
(000077, 'Decadril 100ml', 'Sirup', 'obat batuk', 2, 12000, 15000, '2019-02-13 10:15:13', NULL),
(000078, 'OBH Itrasal 60ml', 'Sirup', 'obat batuk', 0, 5000, 6500, '2019-02-14 03:55:14', NULL),
(000079, 'OBP Itrasal 60ml', 'Sirup', 'obat batuk', 5, 5000, 6500, '2019-02-14 03:55:14', NULL),
(000080, 'Siladex 60ml allvariant', 'Sirup', 'obat batuk', 10, 11000, 14000, '2019-02-24 03:06:24', NULL),
(000081, 'Siladex Biru 60ml', 'Sirup', 'obat batuk flu', 0, 11500, 14000, '2019-02-15 10:00:15', NULL),
(000082, 'Stobat 100ml', 'Sirup', 'obat batuk flu', 1, 8000, 9000, '2019-02-13 10:18:13', NULL),
(000083, 'Woods ATT 60ml', 'Sirup', 'obat batuk kering', 0, 17000, 17500, '2019-02-14 03:56:14', NULL),
(000084, 'Woods ATT 100ml', 'Sirup', 'obat batuk kering', 0, 26000, 29000, '2019-02-14 03:56:14', NULL),
(000085, 'Woods Expectorant 60ml', 'Sirup', 'expectorant', 4, 15000, 19000, '2019-02-13 10:22:13', NULL),
(000086, 'Woods Expectorant 100ml', 'Sirup', 'expectorant', 2, 26500, 29000, '2019-02-14 03:56:14', NULL),
(000087, 'Woods Herbal 60ml', 'Sirup', 'obat batuk herbal', 4, 12000, 14500, '2019-02-14 03:57:14', NULL),
(000088, 'Vicks 44 100ml', 'Sirup', 'obat batuk kering', 1, 15500, 19500, '2019-02-14 03:57:14', NULL),
(000089, 'Vicks 44 57ml', 'Sirup', 'obat batuk kering', 2, 12000, 14000, '2019-02-14 03:57:14', NULL),
(000090, 'Vicks 44 27ml', 'Sirup', 'obat batuk kering', 1, 5000, 7500, '2019-02-14 03:57:14', NULL),
(000091, 'Komix Lohankuo', 'Sachet', 'Obat panas dalam', 1, 8000, 10000, '2019-02-13 10:27:13', NULL),
(000092, 'Komix Herbal all', 'Sirup', 'obat batuk herbal', 3, 10000, 11000, '2019-02-14 03:58:14', NULL),
(000093, 'Herbakof 60ml', 'Sirup', 'obat batuk herbal', 3, 12000, 14000, '2019-02-14 03:58:14', NULL),
(000094, 'Herocyn Baby 100gr', 'Talk', 'bedak gatal', 1, 5000, 6500, '2019-02-13 10:38:13', NULL),
(000095, 'Herocyn Baby 200gr', 'Talk', 'bedak gatal', 1, 10000, 12500, '2019-02-13 10:39:13', NULL),
(000096, 'Herocyn 85gr', 'Talk', 'bedak gatal', 2, 10000, 12500, '2019-02-14 04:00:14', NULL),
(000097, 'Herocyn 150gr', 'Talk', 'bedak gatal', 2, 15000, 17500, '2019-02-14 04:00:14', NULL),
(000098, 'Salicyl KF', 'Talk', 'bedak gatal', 8, 5500, 7000, '2019-02-14 04:01:14', NULL),
(000099, 'Marcks All', 'Talk', 'kosmetik', 7, 12500, 16000, '2019-02-14 04:01:14', NULL),
(000100, 'Caladine Lotion 60ml', 'Lotion', 'obat gatal', 0, 15000, 19000, '2019-02-14 04:02:14', NULL),
(000101, 'Caladine Lotion 100ml', 'Lotion', 'obat gatal', 1, 22500, 25000, '2019-02-13 10:43:13', NULL),
(000102, 'Calamex Lotion', 'Lotion', 'obat gatal', 1, 14000, 17000, '2019-02-13 10:43:13', NULL),
(000103, 'Huki Regular Sil.Nipple All size', 'Babycare', 'Refill dot', 2, 10000, 12000, '2019-02-14 04:02:14', NULL),
(000104, 'Huki Superflo  All size', 'Babycare', 'Refill dot', 1, 12000, 14500, '2019-02-13 10:45:13', NULL),
(000105, 'Huki Orthodontic All size', 'Babycare', 'Refill dot', 2, 12000, 14500, '2019-02-14 04:03:14', NULL),
(000106, 'Pigeon Silicone Nipple Allsize', 'Babycare', 'Refill dot', 0, 10000, 12500, '2019-02-13 10:46:13', NULL),
(000107, 'Pigeon Breastpads "12', 'Babycare', 'pads', 1, 25000, 26000, '2019-02-13 10:47:13', NULL),
(000108, 'Huki Breastpads "12', 'Babycare', 'pads', 1, 25000, 26000, '2019-02-13 10:59:13', NULL),
(000109, 'Mami Breastpump', 'Babycare', 'pompa asi', 7, 15000, 17000, '2019-02-15 04:16:15', NULL),
(000110, 'Salicyl IKA', 'Talk', 'bedak gatal', 2, 12000, 14000, '2019-02-14 04:04:14', NULL),
(000111, 'Dodo Nipple Allsize', 'Babycare', 'Refill dot', 27, 5000, 6500, '2019-02-14 04:04:14', NULL),
(000112, 'Dodo botol susu 125ml', 'Babycare', 'botol susu', 1, 20000, 22500, '2019-02-13 11:02:13', NULL),
(000113, 'Dodo botol susu 250ml', 'Babycare', 'botol susu', 1, 22000, 24000, '2019-02-13 11:03:13', NULL),
(000114, 'Pigeon botol susu 240ml', 'Babycare', 'botol susu', 1, 20000, 22500, '2019-02-13 11:03:13', NULL),
(000115, 'Vegeblend 21JR', 'kapsul', 'suplemen makanan', 1, 100000, 125000, '2019-02-14 04:05:14', NULL),
(000116, 'Fruit 18JR', 'kapsul', 'suplemen makanan', 1, 100000, 125000, '2019-02-13 12:02:13', NULL),
(000117, 'Omepross', 'kapsul', 'suplemen makanan', 1, 135000, 142500, '2019-02-14 04:05:14', NULL),
(000118, 'Fishqua', 'kapsul', 'suplemen makanan', -1, 75000, 86500, '2019-02-13 12:12:13', NULL),
(000119, 'Enervon C 100ml', 'Sirup', 'suplemen makanan', 0, 18000, 23500, '2019-02-24 02:32:24', NULL),
(000120, 'Biolysin 100ml', 'Sirup', 'suplemen makanan', 1, 18000, 21000, '2019-02-15 10:01:15', NULL),
(000121, 'Biolysin Smart 60ml', 'Sirup', 'suplemen makanan', 2, 12000, 15000, '2019-02-14 04:06:14', NULL),
(000122, 'Tonikum Bayer 330ml', 'Sirup', 'obat penambah darah', 0, 28000, 31500, '2019-02-14 04:07:14', NULL),
(000123, 'Marine Gummy all', 'chewy', 'suplemen makanan', 7, 10000, 14000, '2019-02-14 04:08:14', NULL),
(000124, 'Fitkom Gummy F&V', 'chewy', 'suplemen makanan', 1, 16500, 21000, '2019-02-24 02:18:24', NULL),
(000125, 'Fitkom Gummy Calsium', 'chewy', 'suplemen makanan', 0, 20000, 23000, '2019-02-13 12:19:13', NULL),
(000126, 'Biolysin Kids all', 'Tablet', 'suplemen makanan', 3, 12000, 16000, '2019-02-14 04:06:14', NULL),
(000127, 'Sakatonik ABC all', 'Tablet', 'suplemen makanan', 7, 11500, 14500, '2019-02-13 12:20:13', NULL),
(000128, 'Fitkom all', 'Tablet', 'suplemen makanan', 3, 14000, 16500, '2019-02-14 04:08:14', NULL),
(000129, 'Vit A IPI', 'Tablet', 'vitamin', 3, 2500, 5000, '2019-02-14 04:09:14', NULL),
(000130, 'Vit C IPI', 'Tablet', 'vitamin', 8, 2500, 5000, '2019-02-14 04:09:14', NULL),
(000131, 'Vit B Complex IPI', 'Tablet', 'vitamin', 3, 2500, 5000, '2019-02-14 04:09:14', NULL),
(000132, 'CHOL', 'Tablet', 'suplemen makanan', 12, 20000, 24500, '2019-02-14 04:10:14', NULL),
(000133, 'Zinc', 'Tablet', 'pencernaan', 6, 5000, 6000, '2019-02-14 04:11:14', NULL),
(000134, 'Caviplex', 'Tablet', 'suplemen makanan', 3, 4000, 5000, '2019-02-14 04:11:14', NULL),
(000135, 'Redoxon strip', 'effervescent', 'suplemen makanan', 12, 7500, 9000, '2019-02-14 14:42:14', NULL),
(000136, 'Stimuno Forte', 'kapsul', 'suplemen makanan', 1, 25000, 29000, '2019-02-13 12:35:13', NULL),
(000137, 'Curvit', 'Tablet', 'suplemen makanan', 1, 22000, 25000, '2019-02-14 04:12:14', NULL),
(000138, 'Curcuma', 'Tablet', 'suplemen makanan', 1, 8000, 10000, '2019-02-13 12:35:13', NULL),
(000139, 'Pharmaton Formula', 'kapsul', 'suplemen makanan', 9, 22000, 25000, '2019-02-14 04:13:14', NULL),
(000140, 'Imboost', 'Tablet', 'suplemen makanan', 0, 35000, 40000, '2019-02-14 04:14:14', NULL),
(000141, 'Folavit', 'Tablet', 'suplemen kehamilan', 12, 10000, 12000, '2019-02-14 04:14:14', NULL),
(000142, 'Obimin AF', 'Tablet', 'suplemen kehamilan', 1, 17000, 20000, '2019-02-13 12:39:13', NULL),
(000143, 'Vitalong C"30', 'Tablet', 'suplemen makanan', 2, 30000, 39000, '2019-02-14 04:15:14', NULL),
(000144, 'Ester C"30', 'Tablet', 'suplemen makanan', 2, 45000, 48500, '2019-02-14 04:15:14', NULL),
(000145, 'Enervon C"30', 'Tablet', 'suplemen makanan', 2, 30000, 37500, '2019-02-15 10:15:15', NULL),
(000146, 'Ester C effervescent all', 'Tablet', 'suplemen makanan', 1, 40000, 44000, '2019-02-13 12:50:13', NULL),
(000147, 'Redoxon "10 all', 'Tablet', 'suplemen makanan', 1, 38000, 41000, '2019-02-14 04:15:14', NULL),
(000148, 'CDR Merah', 'Tablet', 'suplemen makanan', 3, 45000, 47500, '2019-02-14 04:16:14', NULL),
(000149, 'CDR "10', 'Tablet', 'suplemen makanan', 1, 35000, 41000, '2019-02-14 04:15:14', NULL),
(000150, 'CDR "15', 'Tablet', 'suplemen makanan', 1, 48500, 60000, '2019-02-14 04:15:14', NULL),
(000151, 'Magtral Forte 100ml', 'Sirup', 'pencernaan', 1, 35000, 39000, '2019-02-13 12:55:13', NULL),
(000152, 'Gastrucid 60ml', 'Sirup', 'pencernaan', 4, 5000, 7000, '2019-02-14 04:16:14', NULL),
(000153, 'Bufantacid 60ml', 'Sirup', 'pencernaan', 1, 8500, 9500, '2019-02-14 04:16:14', NULL),
(000154, 'Antasida 60ml', 'Sirup', 'pencernaan', 3, 4000, 5000, '2019-02-14 04:17:14', NULL),
(000155, 'Mylanta 150ml', 'Sirup', 'pencernaan', 2, 40000, 44500, '2019-02-16 08:00:16', NULL),
(000156, 'Mylanta 60ml', 'Sirup', 'pencernaan', 2, 12000, 16000, '2019-02-14 04:17:14', NULL),
(000157, 'Polysilane 100ml', 'Sirup', 'pencernaan', 2, 20000, 25000, '2019-02-14 04:18:14', NULL),
(000158, 'Diapet 60ml', 'Sirup', 'diare', 3, 9000, 12000, '2019-02-14 04:18:14', NULL),
(000159, 'Kaotin 60ml', 'Sirup', 'pencernaan', 1, 6000, 7000, '2019-02-13 12:59:13', NULL),
(000160, 'Guanistrep 60ml', 'Sirup', 'pencernaan', 6, 5000, 6500, '2019-02-14 04:18:14', NULL),
(000161, 'Daryant-tulle', 'alkes', 'plester luka', 2, 15000, 20000, '2019-02-14 04:26:14', NULL),
(000162, 'Betadine 15ml', 'antiseptik', 'obat luka', 2, 10500, 13500, '2019-02-14 04:26:14', NULL),
(000163, 'Betadine 30ml', 'antiseptik', 'obat luka', 2, 20000, 23500, '2019-02-14 04:26:14', NULL),
(000164, 'Curcuma Emulsion all', 'Sirup', 'suplemen makanan', 3, 22000, 27500, '2019-02-13 13:05:13', NULL),
(000165, 'Scoots Vita 200ml', 'Sirup', 'suplemen makanan', 1, 30000, 35500, '2019-02-13 13:05:13', NULL),
(000166, 'Scoots Vita 400ml', 'Sirup', 'suplemen makanan', 1, 45000, 59000, '2019-02-13 13:06:13', NULL),
(000167, 'Scoots Original', 'Sirup', 'suplemen makanan', 1, 50000, 57000, '2019-02-13 13:07:13', NULL),
(000169, 'Kiranti pegal linu', 'minuman', 'obat haid', 1, 4000, 6000, '2019-02-13 13:07:13', NULL),
(000170, 'Kiranti Juice', 'minuman', 'obat haid', 2, 6000, 8000, '2019-02-14 04:27:14', NULL),
(000171, 'Honey milk', 'minuman', 'konsinyasi', 7, 6000, 9000, '2019-02-14 04:28:14', NULL),
(000172, 'Sutra"12', 'kondom', 'kontrasepsi', 6, 12000, 15000, '2019-02-14 04:29:14', NULL),
(000173, 'Sutra"3', 'kondom', 'kontrasepsi', 16, 4000, 5000, '2019-02-14 04:28:14', NULL),
(000174, 'Sutra OK"3', 'kondom', 'kontrasepsi', 4, 8000, 10000, '2019-02-14 04:28:14', NULL),
(000175, 'Sutra OK"12', 'kondom', 'kontrasepsi', 8, 22000, 25000, '2019-02-14 04:28:14', NULL),
(000176, 'Durex all', 'kondom', 'kontrasepsi', 6, 16000, 20000, '2019-02-14 04:29:14', NULL),
(000177, 'Fiesta all', 'kondom', 'kontrasepsi', 7, 10000, 12500, '2019-02-24 02:45:24', NULL),
(000178, 'Tweety Art.033 "50', 'alkes', 'cottonbud', 1, 4000, 5500, '2019-02-13 13:14:13', NULL),
(000179, 'Huki cottonbud "50', 'alkes', 'cottonbud', 1, 5000, 6500, '2019-02-13 13:15:13', NULL),
(000180, 'Cusson baby cottonbud "50', 'alkes', 'cottonbud', 0, 4000, 5000, '2019-02-13 13:15:13', NULL),
(000181, 'CharMi Art.181 "36', 'alkes', 'cottonbud', 1, 8000, 9500, '2019-02-13 13:16:13', NULL),
(000182, 'SGM Ananda Soya 200gr', 'Babycare', 'susu', 1, 30000, 33000, '2019-02-13 13:19:13', NULL),
(000183, 'SGM BBLR 200gr', 'Babycare', 'susu', 1, 30000, 35000, '2019-02-13 13:20:13', NULL),
(000184, 'SGM LLM 200gr', 'Babycare', 'susu', 1, 35000, 40000, '2019-02-13 13:21:13', NULL),
(000185, 'Imboost Kids 60ml', 'Sirup', 'suplemen makanan', 2, 35000, 40000, '2019-02-14 04:14:14', NULL),
(000186, 'Imboost Kids 120ml', 'Sirup', 'suplemen makanan', 1, 59000, 62500, '2019-02-13 13:22:13', NULL),
(000187, 'Imboost Force 60ml', 'Sirup', 'suplemen makanan', 0, 70000, 74000, '2019-02-13 13:23:13', NULL),
(000188, 'Imboost Force 120ml', 'Sirup', 'suplemen makanan', 1, 95000, 100000, '2019-02-13 13:23:13', NULL),
(000189, 'Curcuma plus 60ml', 'Sirup', 'suplemen makanan', 3, 11000, 14000, '2019-02-13 13:24:13', NULL),
(000190, 'Egoji 60ml all', 'Sirup', 'suplemen makanan', 2, 35000, 40000, '2019-02-14 04:19:14', NULL),
(000191, 'Imunos 60ml', 'Sirup', 'suplemen makanan', 1, 60000, 65000, '2019-02-13 13:28:13', NULL),
(000192, 'Igastrum 60ml', 'Sirup', 'suplemen makanan', 2, 20000, 24000, '2019-02-14 04:20:14', NULL),
(000193, 'Stimuno 60ml all', 'Sirup', 'suplemen makanan', 4, 24000, 26000, '2019-02-14 04:12:14', NULL),
(000194, 'Stimuno 100ml all', 'Sirup', 'suplemen makanan', 5, 35000, 39000, '2019-02-14 04:12:14', NULL),
(000195, 'Myk Kapak 10ml', 'liniment', 'minyak angin', 2, 14000, 16500, '2019-02-14 04:21:14', NULL),
(000196, 'Myk Kapak 5ml', 'liniment', 'minyak angin', 1, 8000, 11000, '2019-02-13 13:36:13', NULL),
(000197, 'Myk Kapak 3ml', 'liniment', 'minyak angin', 2, 4000, 6500, '2019-02-14 04:20:14', NULL),
(000198, 'Myk Kapak 28ml', 'liniment', 'minyak angin', 1, 35000, 37500, '2019-02-13 13:37:13', NULL),
(000199, 'Tjing tjau 36gr', 'balsem', 'balsem gosok', 0, 22000, 24000, '2019-02-13 13:38:13', NULL),
(000200, 'Balsem Macan all', 'balsem', 'balsem gosok', 2, 22000, 25000, '2019-02-14 04:21:14', NULL),
(000201, 'Vicks Vaporub 50gr', 'Babycare', 'balsem anak', 2, 27000, 30000, '2019-02-14 04:21:14', NULL),
(000202, 'Vicks Vaporub 10gr', 'Babycare', 'balsem anak', 6, 7000, 8500, '2019-02-23 12:58:23', NULL),
(000203, 'Balpirik all', 'balsem', 'balsem gosok', 3, 6000, 8000, '2019-02-14 04:22:14', NULL),
(000204, 'Geliga 20gr', 'balsem', 'balsem gosok', 1, 8000, 10000, '2019-02-13 13:45:13', NULL),
(000205, 'Geliga 40gr', 'balsem', 'balsem gosok', 1, 15000, 19500, '2019-02-13 13:46:13', NULL),
(000206, 'Tensocrepe \'B\'', 'alkes', 'perban elastis', 1, 115000, 119000, '2019-02-13 13:46:13', NULL),
(000208, 'Tensocrepe \'K', 'alkes', 'perban elastis', 0, 65000, 71500, '2019-02-13 13:49:13', NULL),
(000210, 'Kaka tua', 'cair', 'obat sakit gigi', 4, 10000, 13000, '2019-02-14 04:22:14', NULL),
(000211, 'Alkohol 100ml 70%', 'antiseptik', 'obat kompres luka', 1, 4000, 5000, '2019-02-14 04:22:14', NULL),
(000212, 'Rivanol 100ml', 'antiseptik', 'obat kompres luka', 0, 4000, 5000, '2019-02-14 04:23:14', NULL),
(000213, 'Rivanol 300ml', 'antiseptik', 'obat kompres luka', 1, 7000, 10000, '2019-02-14 04:23:14', NULL),
(000214, 'Lomatull', 'alkes', 'plester luka', 7, 14000, 16500, '2019-02-14 04:23:14', NULL),
(000215, 'Hansaplast roll \'K\'', 'alkes', 'plester luka', 1, 2000, 5000, '2019-02-13 13:54:13', NULL),
(000216, 'Hansaplast roll \'B\'', 'alkes', 'plester luka', 9, 7500, 10000, '2019-02-14 04:24:14', NULL),
(000217, 'Micropore \'B\'', 'alkes', 'plester luka', 0, 45000, 46500, '2019-02-13 13:55:13', NULL),
(000218, 'Gotik', 'antiseptik', 'obat dewa', 0, 3000, 5000, '2019-02-20 08:45:20', NULL),
(000219, 'GPU \'B\'', 'liniment', 'obat gosok', 0, 15000, 17500, '2019-02-14 04:24:14', NULL),
(000220, 'Betadine salep 5gr', 'salep', 'antiseptik', 2, 10000, 12500, '2019-02-14 04:25:14', NULL),
(000221, 'Komix all', 'sachet', 'obat batuk', 89, 800, 1000, '2019-02-14 04:31:14', NULL),
(000222, 'Acyclovir  5%', 'salep', 'obat cacar', 108, 5001, 6000, '2019-02-14 01:31:14', NULL),
(000223, 'Betametason 5gr', 'salep', 'obat gatal', 16, 2500, 3500, '2019-02-14 01:31:14', NULL),
(000224, 'Gentamicin 0,1%', 'salep', 'antibiotik', 3, 3000, 4000, '2019-02-14 01:32:14', NULL),
(000225, 'Hydrocortisone 2,5%', 'salep', 'obat gatal', 20, 4000, 5000, '2019-02-14 01:32:14', NULL),
(000226, 'Betadine V.D Refill 100ml', 'Enema', 'antiseptik', 1, 60000, 65000, '2019-02-14 01:33:14', NULL),
(000227, 'Ventolin Inhaler', 'Spray', 'Obat asma', 2, 120000, 125000, '2019-02-14 01:34:14', NULL),
(000228, 'Ventolin 60ml', 'Sirup', 'Obat asma', 1, 55000, 60000, '2019-02-14 01:34:14', NULL),
(000229, 'Primperan drop', 'Sirup', 'Anti mual', 3, 30000, 35000, '2019-02-14 01:35:14', NULL),
(000230, 'Mucopect drop', 'Sirup', 'expectorant', 1, 70000, 75000, '2019-02-14 01:35:14', NULL),
(000231, 'Mucopect pediatric 60ml', 'Sirup', 'expectorant', 1, 64000, 66000, '2019-02-14 01:36:14', NULL),
(000232, 'Mucopect adult 60ml', 'Sirup', 'expectorant', 1, 65000, 69000, '2019-02-14 01:37:14', NULL),
(000233, 'Kandistatin drop', 'Sirup', 'Obat sariawan', 0, 38000, 41500, '2019-02-14 01:37:14', NULL),
(000234, 'Candistin drop', 'Sirup', 'Obat sariawan', 2, 35000, 36500, '2019-02-14 01:38:14', NULL),
(000235, 'Nacl 500ml', 'Solutio', 'Infusan', 3, 12000, 15000, '2019-02-14 01:38:14', NULL),
(000236, 'Nacl 100ml', 'Solutio', 'Infusan', 2, 15000, 18000, '2019-02-14 01:39:14', NULL),
(000237, 'RL', 'Solutio', 'Infusan', 0, 10000, 12000, '2019-02-14 01:40:14', NULL),
(000238, 'Glucose 5%', 'Solutio', 'Infusan', 5, 15000, 20000, '2019-02-14 01:40:14', NULL),
(000239, 'Yusimox 60ml', 'Sirup', 'antibiotik', 3, 4000, 5000, '2019-02-14 01:41:14', NULL),
(000240, 'Nytex 75ml', 'Sirup', 'belum diketahui', 1, 35000, 37000, '2019-02-14 01:41:14', NULL),
(000241, 'Mucera 60ml', 'Sirup', 'expectorant', 1, 15000, 20000, '2019-02-14 01:41:14', NULL),
(000242, 'Lasal 100ml', 'Sirup', 'obat batuk asma', 2, 27000, 30000, '2019-02-14 01:42:14', NULL),
(000243, 'Isoprinosine 60ml', 'Sirup', 'anti virus', 1, 100000, 122500, '2019-02-14 01:42:14', NULL),
(000244, 'Hufanoxil 60ml', 'Sirup', 'antibiotik', 3, 5000, 7000, '2019-02-14 01:43:14', NULL),
(000245, 'Dextamine 60ml', 'Sirup', 'anti histamin', 2, 35000, 37500, '2019-02-14 01:43:14', NULL),
(000246, 'Amoxsan 60ml', 'Sirup', 'antibiotik', 1, 25000, 27000, '2019-02-14 01:44:14', NULL),
(000247, 'Amoxsan Forte 60ml', 'Sirup', 'antibiotik', 1, 35000, 40000, '2019-02-14 01:44:14', NULL),
(000248, 'Cefat 60ml', 'Sirup', 'antibiotik', 2, 50000, 53000, '2019-02-14 01:45:14', NULL),
(000249, 'Cefat Forte 60ml', 'Sirup', 'antibiotik', 1, 85000, 90000, '2019-02-14 01:45:14', NULL),
(000250, 'Amoxcillin 60ml', 'Sirup', 'antibiotik', 3, 5000, 8000, '2019-02-14 01:46:14', NULL),
(000251, 'Ambroxol 60ml', 'Sirup', 'expectorant', 9, 5000, 8500, '2019-02-14 01:46:14', NULL),
(000252, 'Abbocath 22', 'alkes', 'iv catheter', 101, 8001, 10000, '2019-02-14 01:46:14', NULL),
(000253, 'Abbocath 20', 'alkes', 'iv catheter', 29, 8000, 10000, '2019-02-14 01:47:14', NULL),
(000254, 'Urin bag', 'alkes', 'alkes', 3, 8000, 10000, '2019-02-14 01:47:14', NULL),
(000255, 'Tegaderm 10x25cm', 'alkes', 'plester luka', 2, 30000, 35000, '2019-02-14 01:48:14', NULL),
(000256, 'Dermafix 10x25cm', 'alkes', 'plester luka', 2, 18000, 20000, '2019-02-14 01:48:14', NULL),
(000257, 'Foley Catheter No 16', 'alkes', 'selang urin', 5, 12000, 15000, '2019-02-14 01:49:14', NULL),
(000258, 'Infuset all', 'alkes', 'selang infus', 54, 5000, 7000, '2019-02-14 02:12:14', NULL),
(000259, 'Transamin 500mg', 'Tablet', 'Pemberhenti darah', 10, 2800, 3200, '2019-02-14 03:35:14', NULL),
(000260, 'Merislon 6mg', 'Tablet', 'Vertigo', 37, 6000, 6500, '2019-02-14 03:33:14', NULL),
(000261, 'Lasix 40mg', 'Tablet', 'Dieuretik', 10, 4500, 5500, '2019-02-14 03:32:14', NULL),
(000262, 'Lameson 8mg', 'Tablet', 'Anti radang', 100, 6500, 7000, '2019-02-14 03:31:14', NULL),
(000263, 'Spasminal', 'Tablet', 'Pencernaan', 90, 650, 800, '2019-02-14 03:31:14', NULL),
(000264, 'Thrombo Aspilet', 'Tablet', 'Obat Jantung', 210, 650, 850, '2019-02-14 03:30:14', NULL),
(000265, 'Combantrin 125mg', 'Tablet', 'Obat cacing', 0, 14000, 16500, '2019-02-16 11:00:16', NULL),
(000266, 'New Diatab', 'Tablet', 'Diare', 13, 2000, 3000, '2019-02-14 04:36:14', NULL),
(000267, 'Diapet all', 'Tablet', 'Diare', 18, 2000, 3000, '2019-02-14 04:19:14', NULL),
(000268, 'Ambeven', 'Tablet', 'Obat wasir', 10, 15000, 17000, '2019-02-14 04:37:14', NULL),
(000269, 'L-bio', 'Sachet', 'Diare anak', 9, 7000, 8500, '2019-02-14 04:37:14', NULL),
(000270, 'Lacto B', 'Sachet', 'Diare anak', 4, 7000, 8500, '2019-02-14 04:38:14', NULL),
(000271, 'Antimo dewasa', 'Tablet', 'Obat mual', 2, 4000, 5000, '2019-02-14 04:38:14', NULL),
(000272, 'Entrostop', 'Tablet', 'Diare', 7, 5000, 7000, '2019-02-14 04:39:14', NULL),
(000273, 'Entrostop Anak', 'Sachet', 'Diare anak', 12, 1500, 2000, '2019-02-14 04:38:14', NULL),
(000274, 'Antimo Anak', 'Sachet', 'Obat mual', 10, 1500, 2000, '2019-02-14 04:38:14', NULL),
(000275, 'Komix kids', 'Sachet', 'obat batuk', 42, 1500, 2000, '2019-02-14 04:35:14', NULL),
(000276, 'Upixon', 'Sirup', 'Obat cacing', 2, 14000, 16000, '2019-02-14 04:36:14', NULL),
(000277, 'Nephrolit', 'kapsul', 'Dieuretik', 14, 2000, 3000, '2019-02-14 04:39:14', NULL),
(000278, 'Kejibeling', 'kapsul', 'Dieuretik', 8, 4000, 5000, '2019-02-14 04:39:14', NULL),
(000279, 'Antasida', 'Tablet', 'Obat maag', 6, 2000, 3000, '2019-02-14 04:17:14', NULL),
(000280, 'Gastrucid', 'Tablet', 'Obat maag', 14, 2500, 4000, '2019-02-14 04:16:14', NULL),
(000281, 'Hufamag Plus', 'Tablet', 'Obat maag', 0, 2500, 4000, '2019-02-14 04:40:14', NULL),
(000282, 'Polysilane tab', 'Tablet', 'Obat maag', 3, 8000, 10000, '2019-02-14 04:18:14', NULL),
(000283, 'Mylanta', 'Tablet', 'Obat maag', 0, 5000, 7500, '2019-02-14 04:40:14', NULL),
(000284, 'Polycrol Forte tab', 'Tablet', 'Obat maag', 9, 8000, 10000, '2019-02-14 04:40:14', NULL),
(000286, 'Promag', 'Tablet', 'Obat maag', 10, 5000, 7500, '2019-02-14 04:41:14', NULL),
(000287, 'Gazero', 'Sachet', 'Obat maag', 13, 1500, 2000, '2019-02-14 04:41:14', NULL),
(000288, 'Dulcolax "4', 'Pil', 'sembelit', 0, 7000, 8500, '2019-02-14 02:08:14', NULL),
(000289, 'Lelap', 'kapsul', 'obat tidur', 8, 10000, 12000, '2019-02-14 04:40:14', NULL),
(000290, 'Neo napacin', 'Tablet', 'Obat asma', 44, 2000, 3000, '2019-02-14 04:42:14', NULL),
(000291, 'Laxing', 'kapsul', 'sembelit', 8, 2000, 3000, '2019-02-14 04:40:14', NULL),
(000292, 'Thrombogel 10gr', 'Gel', 'Obat memar', 1, 40000, 45000, '2019-02-14 02:11:14', NULL),
(000293, 'Dermatix 5gr', 'Gel', 'Obat bekas luka', 1, 150000, 162500, '2019-02-14 02:12:14', NULL),
(000294, 'Pabanox', 'Gel', 'Obat flek hitam', 1, 50000, 54000, '2019-02-14 02:13:14', NULL),
(000295, 'Transpulmin BB 20gr', 'balsem', 'balsem anak', 1, 64000, 66000, '2019-02-14 02:17:14', NULL),
(000296, 'Daktarin diapers', 'salep', 'Obat ruam', 2, 62000, 66500, '2019-02-14 04:43:14', NULL),
(000297, 'Bepathen', 'salep', 'Obat ruam', 0, 60000, 65000, '2019-02-14 02:18:14', NULL),
(000298, 'Oparin', 'Gel', 'Obat memar', 1, 40000, 44000, '2019-02-14 02:19:14', NULL),
(000299, 'Miconazole', 'salep', 'obat jamur', 8, 4000, 5000, '2019-02-14 04:44:14', NULL),
(000301, 'Bye Bye Fever Bayi', 'alkes', 'plester demam', 4, 7000, 9000, '2019-02-14 04:44:14', NULL),
(000302, 'Verille', 'Gel', 'Obat jerawat', 2, 13000, 17000, '2019-02-14 04:44:14', NULL),
(000303, 'Acnol Lotion', 'Lotion', 'Obat jerawat', -332, 11000, 14500, '2019-02-14 04:45:14', NULL),
(000304, 'New Astar N', 'salep', 'obat gatal', 6, 8000, 10000, '2019-02-14 04:45:14', NULL),
(000305, 'Daktarin powder', 'Talk', 'obat jamur', 1, 64000, 66500, '2019-02-14 02:22:14', NULL),
(000306, 'Daktarin 5gr', 'salep', 'obat jamur', 1, 24000, 27500, '2019-02-14 02:23:14', NULL),
(000307, 'Kalpanax', 'salep', 'obat jamur', 4, 8500, 11000, '2019-02-14 04:45:14', NULL),
(000308, 'Stop-X', 'Salep', 'Obat pegal', 1, 20000, 24000, '2019-02-14 02:24:14', NULL),
(000309, 'Rhemasil krim putih', 'Salep', 'Obat pegal', 1, 22000, 25000, '2019-02-14 02:24:14', NULL),
(000310, 'Salonpas gel', 'Gel', 'Obat pegal', 1, 18000, 21500, '2019-02-14 02:25:14', NULL),
(000311, 'Counterpain 15gr', 'Salep', 'Obat pegal', 1, 25000, 29000, '2019-02-14 02:25:14', NULL),
(000312, 'Counterpain 30gr', 'salep', 'Obat pegal', 2, 40000, 45000, '2019-02-14 04:46:14', NULL),
(000313, 'Counterpain 60gr', 'Salep', 'Obat pegal', 1, 65000, 72000, '2019-02-14 02:26:14', NULL),
(000314, 'Salonpas koyo all', 'alkes', 'Obat pegal', 11, 5000, 8000, '2019-02-14 04:45:14', NULL),
(000315, 'Koyo cabe', 'alkes', 'Obat pegal', 15, 8000, 10000, '2019-02-14 04:46:14', NULL),
(000316, 'Welmove', 'Tablet', 'Nyeri Sendi', 3, 14000, 17000, '2019-02-14 04:46:14', NULL),
(000317, 'Caldana flex', 'Tablet', 'Nyeri Sendi', 1, 15000, 20000, '2019-02-14 02:28:14', NULL),
(000318, 'Moloco B12', 'Tablet', 'Nyeri Sendi', 1, 17000, 25000, '2019-02-14 02:29:14', NULL),
(000319, 'Oste Forte', 'Tablet', 'Nyeri Sendi', 1, 30000, 35000, '2019-02-14 02:29:14', NULL),
(000320, 'Joint herbal', 'Tablet', 'Nyeri Sendi', 1, 24000, 28000, '2019-02-14 02:29:14', NULL),
(000321, 'Oste', 'Tablet', 'Nyeri Sendi', 3, 18000, 25000, '2019-02-14 04:46:14', NULL),
(000322, 'Strepsil all', 'Tablet hisap', 'Sakit tenggorokan', 4, 5000, 7500, '2019-02-14 04:47:14', NULL),
(000323, 'Ever-E strip', 'kapsul', 'Vitamin kulit', 1, 12000, 15000, '2019-02-14 02:31:14', NULL),
(000324, 'Natur-E', 'kapsul', 'Vitamin kulit', 2, 15000, 20000, '2019-02-14 04:47:14', NULL),
(000325, 'Kapsida', 'kapsul', 'Bersih darah', 6, 10000, 14000, '2019-02-14 04:48:14', NULL),
(000326, 'Sakatonik liver', 'Tablet', 'Anemia', 1, 8000, 10000, '2019-02-14 02:32:14', NULL),
(000327, 'Selkom-C', 'Tablet', 'suplemen makanan', 10, 20000, 25000, '2019-02-14 04:49:14', NULL),
(000328, 'Salep 88', 'Salep', 'obat gatal', 1, 8000, 10000, '2019-02-14 02:33:14', NULL),
(000329, 'Kapsida salep', 'Salep', 'obat gatal', 4, 4000, 5000, '2019-02-14 04:48:14', NULL),
(000330, 'PK', 'serbuk', 'obat kompres gatal', 11, 4000, 5000, '2019-02-14 04:52:14', NULL),
(000331, 'Salep 2-4', 'Salep', 'obat gatal', 5, 4000, 5000, '2019-02-14 04:52:14', NULL),
(000332, 'Ichtyol', 'salep', 'obat bisul', 12, 5000, 8000, '2019-02-14 04:53:14', NULL),
(000333, 'Darsi kapsul', 'kapsul', 'Bersih darah', 6, 12000, 14000, '2019-02-14 04:53:14', NULL),
(000334, 'Rapet Wangi pil', 'Pil', 'Kewanitaan', 4, 8000, 10000, '2019-02-14 04:53:14', NULL),
(000335, 'Siputih', 'kapsul', 'Kewanitaan', 6, 8000, 10000, '2019-02-14 04:53:14', NULL),
(000336, 'Glibenclamid 5mg', 'Tablet', 'Obat diabetes', 220, 160, 200, '2019-02-14 03:43:14', NULL),
(000337, 'Lanadexon', 'Tablet', 'Obat radang', 190, 150, 200, '2019-02-14 03:43:14', NULL),
(000338, 'Mexon', 'Tablet', 'obat gatal', 60, 250, 400, '2019-02-14 03:43:14', NULL),
(000339, 'Grafachlor', 'Tablet', 'Obat radang', 40, 100, 200, '2019-02-14 03:44:14', NULL),
(000340, 'Bufacaryl', 'Tablet', 'obat gatal', 60, 250, 400, '2019-02-14 03:44:14', NULL),
(000341, 'Carbidu 0,75mg', 'Tablet', 'Obat radang', 70, 250, 400, '2019-02-14 03:45:14', NULL),
(000342, 'Carbidu 0,5mg', 'Tablet', 'Obat radang', 20, 150, 250, '2019-02-14 03:44:14', NULL),
(000343, 'Kaditic 50mg', 'Tablet', 'Pereda Nyeri', 10, 250, 400, '2019-02-14 03:45:14', NULL),
(000344, 'Dexteem plus', 'Tablet', 'obat gatal', 320, 230, 300, '2019-02-23 12:56:23', NULL),
(000345, 'Neuralgin', 'Tablet', 'Obat pusing', 100, 650, 850, '2019-02-15 10:15:15', NULL),
(000346, 'Ponstan 500mg', 'Tablet', 'Pereda Nyeri', 50, 220, 300, '2019-02-24 01:51:24', NULL),
(000347, 'Mefinal 500mg', 'Tablet', 'Pereda Nyeri', 0, 1300, 1800, '2019-02-14 03:46:14', NULL),
(000348, 'Cataflam 50mg', 'Pil', 'Pereda Nyeri', 33, 7000, 8000, '2019-02-14 03:47:14', NULL),
(000349, 'Neurosanbe Plus', 'Tablet', 'Vitamin', 78, 10000, 12500, '2019-02-14 03:47:14', NULL),
(000350, 'Dexa 0,5mg', 'Tablet', 'Obat radang', 200, 140, 200, '2019-02-14 03:42:14', NULL),
(000351, 'Dexa 0,75mg', 'Tablet', 'Obat radang', 260, 100, 200, '2019-02-14 03:42:14', NULL),
(000352, 'Molacort 0,75mg', 'Tablet', 'Obat radang', 110, 100, 200, '2019-02-14 03:41:14', NULL),
(000353, 'Amoxicillin 500mg', 'Tablet', 'antibiotik', 180, 400, 500, '2019-02-14 03:40:14', NULL),
(000354, 'Asam Mefenamat 500mg', 'Tablet', 'Pereda Nyeri', 0, 200, 300, '2019-02-14 03:41:14', NULL),
(000355, 'Anastan 500mg', 'Tablet', 'Pereda Nyeri', 90, 330, 450, '2019-02-14 03:39:14', NULL),
(000356, 'Opistan 500mg', 'Tablet', 'Pereda Nyeri', 100, 320, 400, '2019-02-24 01:54:24', NULL),
(000357, 'Captopril 12,5mg', 'Tablet', 'Anti hipertensi', 20, 150, 200, '2019-02-14 03:39:14', NULL),
(000358, 'Captopril 25mg', 'Tablet', 'Anti hipertensi', 100, 150, 200, '2019-02-14 03:39:14', NULL),
(000359, 'Captopril 50mg', 'Tablet', 'Anti hipertensi', 80, 250, 400, '2019-02-14 03:38:14', NULL),
(000360, 'Piroxicam 10mg', 'Tablet', 'Pereda Nyeri', 140, 120, 150, '2019-02-14 03:38:14', NULL),
(000361, 'Piroxicam 20mg', 'Tablet', 'Pereda Nyeri', 130, 160, 200, '2019-02-14 03:38:14', NULL),
(000362, 'Ranitidin 150mg', 'Tablet', 'pencernaan', 120, 200, 300, '2019-02-14 03:37:14', NULL),
(000363, 'Teosal', 'Tablet', 'Obat asma', 240, 150, 250, '2019-02-14 03:36:14', NULL),
(000364, 'Nitrokaf retard', 'kapsul', 'belum diketahui', 90, 2900, 3000, '2019-02-14 03:36:14', NULL),
(000365, 'Borraginol-S supp', 'suppositoria', 'Obat wasir', 10, 15000, 17500, '2019-02-14 03:28:14', NULL),
(000366, 'Ultraproct-N supp', 'suppositoria', 'Obat wasir', 6, 15000, 18000, '2019-02-14 03:28:14', NULL),
(000367, 'Dulcolax anak supp', 'suppositoria', 'pencahar', 6, 15000, 17000, '2019-02-14 03:26:14', NULL),
(000368, 'Ascardia 80mg', 'Tablet', 'belum diketahui', 120, 800, 950, '2019-02-14 03:25:14', NULL),
(000369, 'Buscopan plus', 'Tablet', 'pencernaan', 2, 4000, 5000, '2019-02-14 03:25:14', NULL),
(000370, 'Flamar 25mg', 'Tablet', 'Pereda Nyeri', 60, 700, 1000, '2019-02-14 03:24:14', NULL),
(000371, 'Glurenorm 30mg', 'Tablet', 'Obat diabetes', 110, 4200, 4500, '2019-02-14 03:23:14', NULL),
(000372, 'Cardio aspirin', 'Tablet', 'Obat jantung', 30, 1200, 1500, '2019-02-14 03:22:14', NULL),
(000373, 'Gludepatic 500mg', 'Tablet', 'Obat diabetes', 10, 500, 600, '2019-02-14 03:22:14', NULL),
(000374, 'Glucovance 250/1,25mg', 'Tablet', 'Obat diabetes', 20, 2700, 3000, '2019-02-14 03:21:14', NULL),
(000375, 'Glucovance 500/5mg', 'Tablet', 'Obat diabetes', 20, 5700, 6000, '2019-02-14 03:21:14', NULL),
(000376, 'Glucodex tab', 'Tablet', 'Obat diabetes', 120, 500, 600, '2019-02-14 03:20:14', NULL),
(000377, 'Heptasan', 'Tablet', 'anti histamin', 50, 250, 300, '2019-02-14 03:19:14', NULL),
(000378, 'Histapan', 'Tablet', 'anti histamin', 30, 750, 850, '2019-02-14 03:19:14', NULL),
(000379, 'Hufadine 150mg', 'Tablet', 'Obat maag', 100, 400, 500, '2019-02-14 03:18:14', NULL),
(000380, 'Betablok 50mg', 'Tablet', 'belum diketahui', 10, 800, 1000, '2019-02-14 03:18:14', NULL),
(000381, 'Kalnex 500mg', 'Tablet', 'Pemberhenti darah', 90, 4000, 4200, '2019-02-14 03:17:14', NULL),
(000382, 'Urotracin tab', 'Tablet', 'Obat Saluran kemih', 80, 3500, 4000, '2019-02-14 03:15:14', NULL),
(000383, 'Stopbat 100ml', 'Sirup', 'obat batuk', 1, 8000, 9000, '2019-02-14 03:59:14', NULL),
(000384, 'OBM 60ml', 'Sirup', 'obat gatal', 1, 8000, 9000, '2019-02-14 03:59:14', NULL),
(000385, 'Merit pil', 'Pil', 'suplemen makanan', 1, 10000, 12500, '2019-02-14 04:54:14', NULL),
(000386, 'Mediamer B6', 'Tablet', 'vitamin mual', 20, 3000, 3500, '2019-02-14 06:06:14', NULL),
(000387, 'Lodia', 'tablet', 'obat diare', 20, 1000, 1300, '2019-02-14 06:08:14', NULL),
(000388, 'Lapiflox 500', 'Tablet', 'antibiotik', 6, 15000, 16000, '2019-02-14 06:13:14', NULL),
(000389, 'Lapimuc', 'Tablet', 'ekspektorant', 10, 2000, 3000, '2019-02-14 06:13:14', NULL),
(000390, 'Vometa', 'Tablet', 'Obat mual', 20, 4000, 5000, '2019-02-14 06:14:14', NULL),
(000391, 'Vosea', 'Tablet', 'Obat mual', 20, 200, 300, '2019-02-14 06:15:14', NULL),
(000392, 'Vastigo', 'Tablet', 'obat vertigo', 20, 1000, 1100, '2019-02-14 06:18:14', NULL),
(000393, 'Zoralin', 'Tablet', 'obat gatal', 0, 2500, 3000, '2019-02-14 06:19:14', NULL),
(000394, 'Vesperum', 'Tablet', 'Obat maag', 20, 500, 700, '2019-02-14 06:20:14', NULL),
(000395, 'Ulsafate', 'Tablet', 'Obat maag', 10, 2000, 2500, '2019-02-14 06:21:14', NULL),
(000396, 'Daryant tulle', 'tube', 'injeksi', 2, 20000, 21000, '2019-02-14 06:22:14', NULL),
(000397, 'Ventolin Nebules', 'Injeksi', 'obat sesak', 5, 10000, 12500, '2019-02-14 06:23:14', NULL),
(000398, 'Fulmicort', 'salep', 'obat gatal', 5, 20000, 22000, '2019-02-14 06:25:14', NULL),
(000399, 'Lameson 4mg', 'Tablet', 'Obat asma', 20, 3000, 4000, '2019-02-14 06:26:14', NULL),
(000400, 'Primperan', 'Tablet', 'Obat maag', 10, 1000, 1600, '2019-02-14 06:29:14', NULL),
(000401, 'Myonep', 'Tablet', 'Obat maag', 10, 5000, 5500, '2019-02-14 06:30:14', NULL),
(000402, 'Nuradex M', 'Tablet', 'Obat radang', 20, 200, 300, '2019-02-14 06:31:14', NULL),
(000403, 'Molacort 0,5mg', 'Tablet', 'Obat radang', 20, 150, 200, '2019-02-14 06:33:14', NULL),
(000404, 'Primadex Forte', 'Tablet', 'antibiotik', 20, 500, 600, '2019-02-14 06:34:14', NULL),
(000405, 'Mycoral', 'Tablet', 'obat gatal', 0, 4000, 4500, '2019-02-20 12:11:20', NULL),
(000406, 'Longatin', 'tab', 'Tablet', 20, 3000, 4000, '2019-02-14 06:37:14', NULL),
(000407, 'Nichomycin 500mg', 'Tablet', 'antibiotik', 20, 2000, 2800, '2019-02-14 06:38:14', NULL),
(000408, 'Neuropyron-V', 'Tablet', 'Obat pegal', 20, 500, 1000, '2019-02-14 06:39:14', NULL),
(000409, 'Lapicef 500mg', 'kapsul', 'antibiotik', 20, 10000, 12000, '2019-02-14 06:40:14', NULL),
(000410, 'Primadex', 'Tablet', 'antibiotik', 20, 200, 300, '2019-02-14 06:43:14', NULL),
(000411, 'Estalex', 'Tablet', 'obat batuk', 20, 1000, 1500, '2019-02-14 06:44:14', NULL),
(000412, 'Cedocard 10mg', 'Tablet', 'Obat Hipertensi', 20, 2000, 2200, '2019-02-14 06:46:14', NULL),
(000413, 'Cedocard 5mg', 'Tablet', 'Obat Hipertensi', 20, 1000, 1400, '2019-02-14 06:47:14', NULL),
(000414, 'Fargetix', 'Tablet', 'diuretik', 20, 300, 500, '2019-02-14 06:48:14', NULL),
(000415, 'Dramamine', 'Tablet', 'obat flu', 10, 1500, 1900, '2019-02-14 06:49:14', NULL),
(000416, 'Lerzin', 'kaplet', 'obat gatal', 20, 1000, 1500, '2019-02-14 06:50:14', NULL),
(000417, 'Latibet', 'Tablet', 'Obat Jantung', 20, 200, 400, '2019-02-14 06:51:14', NULL),
(000418, 'Farsorbid 5mg', 'Tablet', 'Obat Jantung', 20, 200, 300, '2019-02-14 06:52:14', NULL),
(000419, 'Cortidex', 'Tablet', 'Obat radang', 20, 300, 350, '2019-02-14 06:54:14', NULL),
(000420, 'Faridexon Forte', 'Tablet', 'Obat radang', 20, 200, 250, '2019-02-14 06:56:14', NULL),
(000421, 'Faxiden 20mg', 'Tablet', 'Obat pegal', 20, 300, 350, '2019-02-14 06:58:14', NULL),
(000422, 'Mixalgin', 'Tablet', 'Obat pegal', 20, 500, 550, '2019-02-14 06:59:14', NULL),
(000423, 'Nevox XR', 'Tablet', 'Obat diabetes', 10, 2000, 2500, '2019-02-14 06:59:14', NULL),
(000424, 'Lapibal 500mg', 'Tablet', 'obat syaraf', 20, 2000, 2500, '2019-02-14 07:01:14', NULL),
(000425, 'Lapibal 250mg', 'Tablet', 'obat syaraf', 20, 1000, 1500, '2019-02-14 07:03:14', NULL),
(000426, 'Lasal 4mg', 'Tablet', 'obat sesak', 20, 1500, 1900, '2019-02-14 07:04:14', NULL),
(000427, 'Aldactone', 'Tablet', 'diuretik', 20, 1500, 2000, '2019-02-14 07:04:14', NULL),
(000428, 'Triamcort', 'Tablet', 'obat asam urat', 20, 2500, 3000, '2019-02-14 07:07:14', NULL),
(000429, 'Alegi', 'Tablet', 'Obat radang', 20, 1500, 1800, '2019-02-14 07:08:14', NULL),
(000430, 'Daonil', 'Tablet', 'Obat diabetes', 20, 3500, 3800, '2019-02-14 07:09:14', NULL),
(000431, 'Blopress 16mg', 'Tablet', 'Obat Hipertensi', 14, 20000, 21000, '2019-02-14 07:10:14', NULL),
(000432, 'Concor 2,5mg', 'Tablet', 'Obat Hipertensi', 20, 6000, 7500, '2019-02-14 07:12:14', NULL),
(000433, 'Buscopan', 'Tablet', 'obat sakit perut', 20, 2000, 3500, '2019-02-14 07:14:14', NULL),
(000434, 'Divoltar', 'Tablet', 'Obat pegal', 20, 400, 600, '2019-02-14 07:15:14', NULL),
(000435, 'Duvadilan', 'Tablet', 'vasodilator', 15, 5000, 7000, '2019-02-17 08:32:17', NULL),
(000436, 'Farsix 40mg', 'Tablet', 'diuretik', 0, 500, 1100, '2019-02-14 07:18:14', NULL),
(000437, 'Flamar 50mg', 'Tablet', 'Obat pegal', 20, 1500, 2100, '2019-02-14 07:22:14', NULL),
(000438, 'Spasmal', 'Tablet', 'obat sakit perut', 20, 200, 500, '2019-02-14 07:23:14', NULL),
(000439, 'Scandexon', 'Tablet', 'Obat radang', 20, 200, 250, '2019-02-14 07:25:14', NULL),
(000440, 'Santa-E 400', 'Tablet', 'vitamin', 8, 3000, 4500, '2019-02-14 07:27:14', NULL),
(000441, 'Rantin', 'Tablet', 'Obat maag', 20, 5000, 6000, '2019-02-14 07:28:14', NULL),
(000442, 'Renadinac 25mg', 'Tablet', 'Obat pegal', 20, 400, 500, '2019-02-14 07:29:14', NULL),
(000443, 'Ranivel', 'Tablet', 'Obat maag', 10, 5000, 7000, '2019-02-14 07:30:14', NULL),
(000444, 'Recolfar', 'Tablet', 'obat asam urat', 10, 5000, 6300, '2019-02-14 07:32:14', NULL),
(000445, 'Primadol', 'Tablet', 'obat sakit kepala', 20, 1500, 17000, '2019-02-14 07:34:14', NULL),
(000446, 'Telfast OD 120mg', 'Tablet', 'obat alergi', 20, 9000, 10000, '2019-02-14 07:35:14', NULL),
(000447, 'Thyrozol 5mg', 'Tablet', 'obat hipertiroid', 20, 1000, 1400, '2019-02-14 07:36:14', NULL),
(000448, 'Thyrozol 10mg', 'Tablet', 'obat hipertiroid', 10, 1500, 2100, '2019-02-14 07:38:14', NULL),
(000449, 'Evothyl 300mg', 'Tablet', 'obat kolestrol', 12, 10000, 13000, '2019-02-14 07:39:14', NULL),
(000450, 'Eltazon', 'Tablet', 'Obat pegal', 20, 200, 400, '2019-02-14 07:41:14', NULL),
(000451, 'Grathazon', 'Tablet', 'Obat pegal', 20, 150, 200, '2019-02-14 07:42:14', NULL),
(000452, 'Bestalin', 'Tablet', 'obat gatal', 20, 4000, 5000, '2019-02-14 07:42:14', NULL),
(000453, 'Amoxsan 500mg', 'Tablet', 'antibiotik', 20, 3000, 4000, '2019-02-14 07:43:14', NULL),
(000454, 'Amaryl 3mg', 'Tablet', 'belum diketahui', 0, 6000, 8000, '2019-02-14 07:44:14', NULL),
(000456, 'Amaryl M2', 'Tablet', 'belum diketahui', 10, 5000, 7000, '2019-02-14 07:45:14', NULL),
(000457, 'Homoclomin', 'Tablet', 'belum diketahui', 20, 3000, 4000, '2019-02-14 07:47:14', NULL),
(000458, 'Hufadon', 'Tablet', 'belum diketahui', 20, 200, 500, '2019-02-14 07:48:14', NULL),
(000459, 'Hufadextamine', 'Tablet', 'belum diketahui', 20, 200, 250, '2019-02-14 07:51:14', NULL),
(000460, 'Glucophage XR', 'Tablet', 'Obat diabetes', 30, 2000, 3000, '2019-02-14 07:51:14', NULL),
(000461, 'Glucophage 500mg', '20', 'Obat diabetes', 20, 1500, 2000, '2019-02-14 07:52:14', NULL),
(000462, 'Farsifen 400mg', 'Tablet', 'antipiretik', 20, 200, 350, '2019-02-14 07:54:14', NULL),
(000463, 'Faxiden 10mg', 'Tablet', 'Obat pegal', 20, 300, 400, '2019-02-14 07:55:14', NULL),
(000464, 'Tremenza', 'Tablet', 'obat batuk', 20, 1000, 1800, '2019-02-14 07:56:14', NULL),
(000465, 'Farmabes 30mg', 'Tablet', 'Obat Hipertensi', 20, 400, 500, '2019-02-14 07:59:14', NULL),
(000466, 'Farmalat 10mg', 'Tablet', 'belum diketahui', 20, 300, 400, '2019-02-14 07:59:14', NULL),
(000467, 'Floxifar', 'Tablet', 'antibiotik', 20, 500, 800, '2019-02-14 08:00:14', NULL),
(000468, 'Euthyrox', 'Tablet', 'obat hipertiroid', 50, 2000, 2500, '2019-02-14 08:01:14', NULL),
(000469, 'Scopma', 'Tablet', 'anti spasmodik', 20, 1000, 1300, '2019-02-14 08:02:14', NULL),
(000470, 'Sanprima Forte', 'Tablet', 'antibiotik', 20, 1500, 2200, '2019-02-14 08:03:14', NULL),
(000471, 'Lerzin Syrup', 'Sirup', 'obat gatal', 0, 10000, 14000, '2019-02-14 08:04:14', NULL),
(000472, 'Ethiros Syrup', 'Sirup', 'belum diketahui', 2, 30000, 39000, '2019-02-14 08:05:14', NULL),
(000473, 'Oroxin Syrup', 'Sirup', 'belum diketahui', 2, 25000, 31500, '2019-02-14 08:06:14', NULL),
(000474, 'Taxilan Syrup', 'Sirup', 'belum diketahui', 1, 70000, 87000, '2019-02-14 08:08:14', NULL),
(000475, 'Propepsa Syrup', 'Sirup', 'Obat maag', 1, 60000, 75000, '2019-02-14 08:09:14', NULL),
(000476, 'Transpulmin Syrup', 'Sirup', 'obat batuk', 1, 60000, 81000, '2019-02-14 08:11:14', NULL),
(000477, 'Teosal Syrup', 'Sirup', 'obat sesak', 1, 10000, 12500, '2019-02-14 08:11:14', NULL),
(000478, 'Salbuven Syrup', 'Sirup', 'belum diketahui', 1, 40000, 55000, '2019-02-14 08:13:14', NULL),
(000479, 'Super Tetra', 'kapsul', 'antibiotik', 6, 500, 1000, '2019-02-14 08:13:14', NULL),
(000480, 'Hufanoxil Tablet', 'Tablet', 'antibiotik', 20, 500, 700, '2019-02-14 08:15:14', NULL),
(000481, 'FG Troches', 'Tablet', 'antibiotik', 120, 1066, 1600, '2019-02-21 14:06:21', NULL),
(000482, 'Susu Kambing Etawa 250gr', 'Konsinyasi', 'susu', 2, 45000, 56500, '2019-02-15 04:53:15', 'konsinyasi'),
(000483, 'Tangkur Buaya', 'kapsul', 'suplemen makanan', 3, 21000, 26500, '2019-02-15 05:01:15', 'konsinyasi'),
(000484, 'KO-PEL', 'Pil', 'suplemen makanan', 1, 1, 1, '2019-02-14 08:21:14', 'konsinyasi'),
(000485, 'Madu Bima 99', 'Sirup', 'suplemen makanan', 1, 1, 1, '2019-02-14 08:22:14', 'konsinyasi'),
(000486, 'Easy Touch Glucose', 'alkes', 'alkes', 1, 80000, 94000, '2019-02-14 08:23:14', NULL),
(000487, 'Easy Touch Uric Acid', 'alkes', 'alkes', 2, 80000, 100000, '2019-02-14 08:24:14', NULL),
(000488, 'Easy Touch Cholestrol', 'alkes', 'alkes', 3, 150000, 190000, '2019-02-14 08:26:14', NULL),
(000489, 'Canister Set', 'alkes', 'alkes', 1, 90000, 112500, '2019-02-14 08:26:14', NULL),
(000490, 'Perlak Custome', 'alkes', 'alkes', 3, 20000, 30000, '2019-02-14 08:27:14', NULL),
(000491, 'Celana Sunat AllSize', 'alkes', 'alkes', 9, 10000, 15000, '2019-02-14 08:28:14', NULL),
(000492, 'Medisoft Cotton Ball', 'Babycare', 'belum diketahui', 3, 10000, 12500, '2019-02-14 08:29:14', NULL),
(000493, 'Wellness 35gr', 'kosmetik', 'kosmetik', 2, 5000, 7000, '2019-02-14 08:30:14', NULL),
(000494, 'Wellness 50gr', 'kosmetik', 'kosmetik', 2, 8000, 10000, '2019-02-14 08:31:14', NULL),
(000495, 'Selection 35gr', 'kosmetik', 'kosmetik', 0, 5000, 6500, '2019-02-14 08:32:14', NULL),
(000496, 'Selection 50gr', 'kosmetik', 'kosmetik', 2, 7000, 9000, '2019-02-14 08:33:14', NULL),
(000497, 'Saudi Kapas 35gr', 'kosmetik', 'kosmetik', 0, 4000, 5500, '2019-02-14 08:34:14', NULL),
(000498, 'Saudi Kapas 50gr', 'kosmetik', 'kosmetik', 2, 5000, 7500, '2019-02-14 08:34:14', NULL),
(000499, 'Kapas Pembalut 250gr', 'alkes', 'alkes', 8, 10000, 15000, '2019-02-14 08:36:14', NULL),
(000500, 'Kapas Pembalut 500gr', 'alkes', 'alkes', 8, 20000, 27500, '2019-02-14 08:36:14', NULL),
(000501, 'Kapas Pembalut 1000gr', 'alkes', 'alkes', 8, 30000, 50000, '2019-02-14 08:37:14', NULL),
(000502, 'Chitato', 'makanan', 'makanan', 11, 8000, 11000, '2019-02-20 09:35:20', NULL),
(000503, 'Dr.P M"10 Ungu', 'alkes', 'alkes', 1, 60000, 72000, '2019-02-14 08:39:14', NULL),
(000504, 'Dr.P XL"8', 'alkes', 'alkes', 0, 70000, 85000, '2019-02-14 08:40:14', NULL),
(000505, 'Li-Free Celana M', 'alkes', 'alkes', 10, 14000, 18000, '2019-02-14 08:46:14', NULL),
(000506, 'Li-Free perekat XL', 'alkes', 'alkes', 8, 10000, 14000, '2019-02-14 08:47:14', NULL),
(000507, 'Sweety S"10', 'alkes', 'alkes', 1, 18000, 22000, '2019-02-14 08:48:14', NULL),
(000508, 'Sanmol Tab', 'Tablet', 'antipiretik', 22, 1250, 1500, '2019-02-14 08:52:14', NULL),
(000509, 'Oskadon', 'Tablet', 'obat sakit kepala', 31, 2000, 2500, '2019-02-14 08:55:14', NULL),
(000510, 'Oskadon SP', 'Tablet', 'Obat pegal', 28, 1600, 2500, '2019-02-14 08:56:14', NULL),
(000511, 'Paramex Flu&Batuk', 'Tablet', 'obat batuk', 20, 2000, 2500, '2019-02-14 08:58:14', NULL),
(000512, 'Paramex Nyeri Otot', 'Tablet', 'Obat pegal', 18, 2000, 2500, '2019-02-14 08:58:14', NULL),
(000513, 'Paramex', 'Tablet', 'obat sakit kepala', 28, 2000, 2500, '2019-02-14 08:59:14', NULL),
(000514, 'Biogesic', 'Tablet', 'antipiretik', 29, 1500, 2000, '2019-02-14 09:00:14', NULL),
(000515, 'PoldanMig', 'Tablet', 'obat sakit kepala', 14, 2000, 3000, '2019-02-14 09:06:14', NULL),
(000516, 'Naspro', 'Tablet', 'obat sakit kepala', 8, 1500, 2000, '2019-02-14 09:09:14', NULL),
(000517, 'Vicks Inhaler', 'tube', 'obat  pilek', 2, 13000, 16000, '2019-02-14 09:10:14', NULL),
(000518, 'Bodrex Extra', 'Tablet', 'obat sakit kepala', 12, 2000, 2500, '2019-02-14 09:11:14', NULL),
(000519, 'Bodrex MIgra', 'Tablet', 'obat sakit kepala', 19, 2000, 2500, '2019-02-14 09:12:14', NULL),
(000520, 'Bodrex Flu&Batuk Berdahak Tablet', 'Tablet', 'obat batuk', 23, 2000, 2500, '2019-02-14 09:12:14', NULL),
(000521, 'Bodrex Flu&Batuk Tablet', 'Tablet', 'obat batuk', 9, 2000, 2500, '2019-02-14 09:13:14', NULL),
(000522, 'Bodrex Tablet', 'Tablet', 'obat sakit kepala', 12, 3000, 5000, '2019-02-14 09:16:14', NULL),
(000523, 'Inzana', 'Tablet', 'antipiretik', 5, 1000, 1500, '2019-02-14 09:17:14', NULL),
(000524, 'Bodrexin Tablet', 'Tablet', 'antipiretik', 2, 1000, 2000, '2019-02-14 09:18:14', NULL),
(000525, 'Neo Rheumacyl Tablet', 'Tablet', 'Obat pegal', 4, 8000, 10000, '2019-02-14 09:19:14', NULL),
(000526, 'Neo Rheumacyl Neuro Tablet', 'Tablet', 'Obat pegal', 7, 10000, 12500, '2019-02-14 09:20:14', NULL),
(000527, 'Fatigon Tablet', 'Tablet', 'suplemen makanan', 17, 2000, 3500, '2019-02-14 09:20:14', NULL),
(000528, 'Fatigon Spirit', 'Tablet', 'suplemen makanan', 5, 6000, 8000, '2019-02-14 09:21:14', NULL),
(000529, 'Hemaviton Stamina', 'Tablet', 'suplemen makanan', 8, 6500, 8500, '2019-02-14 09:22:14', NULL),
(000530, 'Hemaviton Action', 'Tablet', 'suplemen makanan', 12, 6500, 8500, '2019-02-14 09:24:14', NULL),
(000531, 'Hormoviton', 'Tablet', 'suplemen makanan', 0, 6500, 8500, '2019-02-14 09:26:14', NULL),
(000532, 'Pilkita', 'Tablet', 'suplemen makanan', 43, 1000, 3000, '2019-02-14 09:29:14', NULL);
INSERT INTO `stok` (`id`, `nama`, `kategori`, `deskripsi`, `stok`, `modal`, `jual`, `dibuat`, `jenis`) VALUES
(000533, 'Neurosanbe 5000', 'Tablet', 'vitamin', 1, 9000, 10000, '2019-02-14 09:29:14', NULL),
(000535, 'Neurodex', 'Tablet', 'suplemen makanan', 15, 13000, 15000, '2019-02-14 09:30:14', NULL),
(000536, 'Puyer Bintang Tujuh', 'puyer', 'obat sakit kepala', 50, 500, 700, '2019-02-14 09:31:14', NULL),
(000537, 'Neurobion Forte', 'Tablet', 'suplemen makanan', 1, 30000, 39000, '2019-02-18 12:52:18', NULL),
(000538, 'Vitacimin', 'Tablet', 'vitamin', 9, 1500, 2000, '2019-02-14 09:33:14', NULL),
(000539, 'Decolsin Tablet', 'Tablet', 'obat batuk', 23, 2000, 3000, '2019-02-14 09:34:14', NULL),
(000540, 'Paratusin Tablet', 'Tablet', 'obat batuk', 5, 10000, 12500, '2019-02-14 09:35:14', NULL),
(000541, 'Inza Tablet', 'Tablet', 'obat batuk', 7, 2000, 2500, '2019-02-14 09:36:14', NULL),
(000542, 'Stopcold', 'Tablet', 'obat batuk', 7, 2000, 3000, '2019-02-14 09:36:14', NULL),
(000543, 'Ultraflu', 'Tablet', 'obat batuk', 20, 2000, 3000, '2019-02-14 09:36:14', NULL),
(000544, 'Vitalong C"4', 'Tablet', 'vitamin', 15, 5000, 8000, '2019-02-14 09:37:14', NULL),
(000545, 'Ester C"4', 'Tablet', 'vitamin', 8, 5000, 7500, '2019-02-14 09:38:14', NULL),
(000546, 'Enervon C"4', 'Tablet', 'vitamin', 22, 4500, 5500, '2019-02-14 09:38:14', NULL),
(000547, 'Decolgen"4', 'Tablet', 'obat batuk', 19, 2000, 2500, '2019-02-14 09:39:14', NULL),
(000548, 'Neozep Tablet', 'Tablet', 'obat batuk', 10, 2000, 2500, '2019-02-14 09:39:14', NULL),
(000549, 'Alpara Tablet', 'Tablet', 'obat batuk', 8, 8000, 10000, '2019-02-14 09:40:14', NULL),
(000550, 'Calortusin Tablet', 'Tablet', 'obat batuk', 2, 5000, 7000, '2019-02-14 09:41:14', NULL),
(000551, 'CeTeMe', 'Tablet', 'obat gatal', 7, 1500, 2000, '2019-02-14 09:41:14', NULL),
(000552, 'Decolgen"10', 'Tablet', 'obat batuk', 5, 4000, 5000, '2019-02-14 09:42:14', NULL),
(000553, 'Alleron Tablet', 'Tablet', 'obat gatal', 9, 2000, 2500, '2019-02-14 09:43:14', NULL),
(000554, 'Intunal-F"4', 'Tablet', 'obat batuk', 9, 3000, 4000, '2019-02-14 09:44:14', NULL),
(000555, 'Dextral Tablet', 'Tablet', 'obat batuk', 8, 5000, 8000, '2019-02-17 11:17:17', NULL),
(000556, 'Flucadex Tablet', 'Tablet', 'obat batuk', 7, 5000, 7000, '2019-02-14 09:46:14', NULL),
(000557, 'Nalgestan', 'Tablet', 'obat batuk', 4, 6000, 8000, '2019-02-14 09:46:14', NULL),
(000558, 'Flutamol Tablet', 'Tablet', 'obat batuk', 8, 6000, 8000, '2019-02-14 09:47:14', NULL),
(000559, 'Molexflu Tablet', 'Tablet', 'obat batuk', 7, 6000, 8000, '2019-02-14 09:48:14', NULL),
(000560, 'Mixagrip Flu&Batuk', 'Tablet', 'obat batuk', 14, 2000, 2500, '2019-02-14 09:49:14', NULL),
(000561, 'Mixagrip Flu', 'Tablet', 'obat batuk', 22, 2000, 2500, '2019-02-14 09:49:14', NULL),
(000562, 'Procold Flu', 'Tablet', 'obat batuk', 6, 2500, 3000, '2019-02-14 09:50:14', NULL),
(000563, 'Procold Flu&Batuk', 'Tablet', 'obat batuk', 10, 2500, 3000, '2019-02-14 09:50:14', NULL),
(000564, 'Konidin Tablet', 'Tablet', 'obat batuk', 10, 2000, 2500, '2019-02-14 09:51:14', NULL),
(000565, 'Bisolvon Tablet"4', 'Tablet', 'obat batuk', 7, 6000, 8000, '2019-02-14 09:52:14', NULL),
(000566, 'Panadol Anak-Anak Tablet', 'Tablet', 'antipiretik', 7, 9000, 12000, '2019-02-14 09:53:14', NULL),
(000567, 'Panadol Hijau', 'Tablet', 'obat batuk', 7, 8500, 11000, '2019-02-14 09:56:14', NULL),
(000568, 'Panadol Biru', 'Tablet', 'antipiretik', 5, 7000, 9000, '2019-02-14 09:56:14', NULL),
(000569, 'Panadol Merah', 'Tablet', 'obat sakit kepala', 9, 8000, 10000, '2019-02-14 09:57:14', NULL),
(000570, 'HUfagrip Tablet', 'Tablet', 'obat batuk', 2, 4000, 5000, '2019-02-14 09:57:14', NULL),
(000571, 'Thermometer Quick-View', 'alkes', 'alkes', 4, 40000, 45000, '2019-02-14 09:58:14', 'konsinyasi'),
(000572, 'Thermometer Avico', 'alkes', 'alkes', 3, 30000, 35000, '2019-02-14 09:59:14', 'konsinyasi'),
(000573, 'Aneroid General Care', 'alkes', 'alkes', 3, 85000, 112500, '2019-02-14 10:01:14', NULL),
(000574, 'Why Cry Mini', 'alkes', 'alkes', 2, 1000000, 1650000, '2019-02-14 10:02:14', NULL),
(000575, 'UnderPads', 'alkes', 'alkes', 10, 12500, 15000, '2019-02-14 10:03:14', NULL),
(000576, 'Cussons Powder 200gr', 'Babycare', 'bedak', 1, 7500, 10000, '2019-02-14 10:06:14', NULL),
(000577, 'Cussons Milk&Bath 100ml', 'Babycare', 'babycare', 1, 7000, 9500, '2019-02-14 10:12:14', NULL),
(000578, 'Cussons Hair&Body Wash 100ml', 'Babycare', 'babycare', 1, 7000, 9500, '2019-02-14 10:13:14', NULL),
(000579, 'Cussons Cologne 100ml all', 'Babycare', 'babycare', 3, 12000, 16000, '2019-02-14 10:15:14', NULL),
(000580, 'Cussons Skin Protection', 'Babycare', 'babycare', 1, 10000, 12500, '2019-02-14 10:16:14', NULL),
(000581, 'Cussons Lotion 50gr', 'Babycare', 'babycare', 1, 10000, 12500, '2019-02-14 10:17:14', NULL),
(000582, 'Cussons Shampoo 100ml all', 'Babycare', 'babycare', 3, 7500, 10000, '2019-02-14 10:18:14', NULL),
(000583, 'Zwitsal Baby Oil 100ml', 'Babycare', 'babycare', 1, 17000, 21000, '2019-02-14 10:18:14', NULL),
(000584, 'Zwitsal Shampoo', 'Babycare', 'babycare', 1, 8000, 11000, '2019-02-14 10:19:14', NULL),
(000585, 'Zwitsal Baby Bath', 'Babycare', 'babycare', 1, 8000, 11000, '2019-02-14 10:20:14', NULL),
(000586, 'Zwitsal Baby 2in1', 'Babycare', 'babycare', 0, 10000, 12500, '2019-02-14 10:20:14', NULL),
(000587, 'Zwitsal Baby Aloe Vera', 'Babycare', 'babycare', 1, 10000, 12500, '2019-02-14 10:21:14', NULL),
(000588, 'Johnson\'s Cologne 100ml', 'Babycare', 'babycare', 1, 20000, 24500, '2019-02-14 10:22:14', NULL),
(000589, 'Johnson\'s Shampo 100ml', 'Babycare', 'babycare', 1, 9000, 10500, '2019-02-14 10:23:14', NULL),
(000590, 'Johnson\'s Baby Oil 125ml', 'Babycare', 'babycare', 0, 18000, 23000, '2019-02-14 10:24:14', NULL),
(000591, 'MyBaby Shampo 100ml', 'Babycare', 'babycare', 1, 7500, 10000, '2019-02-14 10:27:14', NULL),
(000592, 'Caladine Cream 15gr', 'Babycare', 'babycare', 1, 6000, 8000, '2019-02-14 10:29:14', NULL),
(000593, 'Caladine Baby Soap Bar 85gr', 'Babycare', 'babycare', 2, 10000, 13000, '2019-02-14 10:31:14', NULL),
(000594, 'Caladine Powder Baby \'K\'', 'Babycare', 'babycare', 1, 7000, 9000, '2019-02-14 10:32:14', NULL),
(000595, 'Caladine Powder Baby \'B\'', 'Babycare', 'babycare', 1, 8000, 11500, '2019-02-14 10:33:14', NULL),
(000596, 'Oilum', 'Skincare', 'Skincare', 1, 8000, 10000, '2019-02-14 10:34:14', NULL),
(000597, 'Mamaya', 'Skincare', 'Skincare', 1, 8000, 11500, '2019-02-14 10:36:14', NULL),
(000598, 'BDL Papaya', 'Skincare', 'Skincare', 1, 7500, 10000, '2019-02-14 10:36:14', NULL),
(000599, 'BDL Bengkuang', 'Skincare', 'Skincare', 2, 8000, 11500, '2019-02-14 10:37:14', NULL),
(000600, 'Placenta all', 'Skincare', 'Skincare', 2, 7500, 10000, '2019-02-14 10:38:14', NULL),
(000601, 'Pompia', 'Skincare', 'Skincare', 2, 8000, 11500, '2019-02-14 10:40:14', NULL),
(000602, 'Lifebuoy Clinic-Shield', 'Skincare', 'Skincare', 1, 4000, 6000, '2019-02-14 10:41:14', NULL),
(000603, 'JF Sulfur Derma Protect all', 'Skincare', 'Skincare', 5, 7000, 9000, '2019-02-14 10:41:14', NULL),
(000604, 'JF Sulfur Acne Protect Oily Care 60gr', 'Skincare', 'Skincare', 4, 7000, 9500, '2019-02-14 10:43:14', NULL),
(000605, 'JF Sulfur Acne Protect Oily Care 90gr', 'Skincare', 'Skincare', 1, 8000, 11500, '2019-02-14 10:44:14', NULL),
(000606, 'JF Sulfur Anti Acne 60gr', 'Skincare', 'Skincare', 1, 7000, 9500, '2019-02-14 10:45:14', NULL),
(000607, 'JF Sulfur Anti Acne 90gr', 'Skincare', 'Skincare', 2, 8000, 11500, '2019-02-14 10:46:14', NULL),
(000608, 'Stetoscope', 'alkes', 'alkes', 3, 70000, 85000, '2019-02-14 10:47:14', NULL),
(000609, 'Mitela', 'alkes', 'alkes', 1, 6000, 9000, '2019-02-14 10:49:14', NULL),
(000610, 'Maxwrap Ankle', 'alkes', 'alkes', 1, 150000, 200000, '2019-02-14 10:49:14', NULL),
(000611, 'NeoSmart', 'alkes', 'alkes', 1, 80000, 95000, '2019-02-14 10:50:14', NULL),
(000612, 'Neomed Sikut', 'alkes', 'alkes', 1, 130000, 170000, '2019-02-14 10:50:14', NULL),
(000613, 'Neomed Sikut M', 'alkes', 'alkes', 1, 110000, 145000, '2019-02-14 10:51:14', NULL),
(000614, 'Neomed Tangan', 'alkes', 'alkes', 1, 110000, 145000, '2019-02-14 10:52:14', NULL),
(000615, 'Harmed', 'alkes', 'alkes', 1, 150000, 200000, '2019-02-14 10:53:14', NULL),
(000616, 'Vinmed Thermometer', 'alkes', 'alkes', 1, 170000, 230000, '2019-02-14 10:54:14', NULL),
(000617, 'DR Ortho L', 'alkes', 'alkes', 1, 40000, 57500, '2019-02-14 10:54:14', NULL),
(000618, 'Timbangan', 'alkes', 'alkes', 1, 80000, 100000, '2019-02-14 10:56:14', NULL),
(000619, 'P3K Dinding', 'alkes', 'alkes', 1, 50000, 69000, '2019-02-14 10:58:14', NULL),
(000620, 'Tensimeter', 'alkes', 'alkes', 1, 800000, 977500, '2019-02-14 10:59:14', NULL),
(000621, 'Stetoscope Littman', 'alkes', 'alkes', 1, 700000, 835000, '2019-02-14 11:00:14', NULL),
(000622, 'Armsling', 'alkes', 'alkes', 8, 15000, 20000, '2019-02-14 11:01:14', NULL),
(000623, 'Warm Water Zack', 'alkes', 'alkes', 4, 25000, 31500, '2019-02-15 14:02:15', NULL),
(000624, 'Pispot Wanita', 'alkes', 'alkes', 2, 13000, 17000, '2019-02-14 11:03:14', NULL),
(000625, 'Pispot Biru', 'alkes', 'alkes', 1, 25000, 30000, '2019-02-14 11:04:14', NULL),
(000626, 'Paracetamol Mef Syrup', 'Sirup', 'antipiretik', 1, 8000, 11000, '2019-02-14 11:04:14', NULL),
(000627, 'Praxion Syrup', 'Sirup', 'antipiretik', 2, 20000, 27500, '2019-02-14 11:05:14', NULL),
(000628, 'Praxion Forte', 'Sirup', 'antipiretik', 3, 25000, 31500, '2019-02-14 11:06:14', NULL),
(000629, 'Mirasic Syrup', 'Sirup', 'antipiretik', 1, 10000, 13500, '2019-02-14 11:07:14', NULL),
(000630, 'Pacdin Cough Syrup', 'Sirup', 'obat batuk', 6, 5000, 7000, '2019-02-14 11:07:14', NULL),
(000631, 'Tempra Drops', 'Drops', 'antipiretik', 1, 45000, 56500, '2019-02-16 09:02:16', NULL),
(000632, 'Tempra Forte', 'Sirup', 'antipiretik', 1, 40000, 51500, '2019-02-16 08:48:16', NULL),
(000633, 'Tempra Syrup 100ml', 'Sirup', 'antipiretik', 2, 40000, 59000, '2019-02-14 11:10:14', NULL),
(000634, 'Ottopan Syrup', 'Sirup', 'antipiretik', 2, 11000, 16000, '2019-02-14 11:10:14', NULL),
(000635, 'Citocetin', 'Sirup', 'obat batuk', 4, 4000, 7000, '2019-02-14 11:11:14', NULL),
(000636, 'Camidryl Syrup', 'Sirup', 'obat batuk', 1, 4000, 5000, '2019-02-14 11:12:14', NULL),
(000637, 'Coldrexin Syrup', 'Sirup', 'obat batuk', 0, 6000, 9000, '2019-02-14 11:13:14', NULL),
(000638, 'Bodrexin Flu&Batuk Syrup', 'Sirup', 'obat batuk', 0, 8000, 11000, '2019-02-14 11:13:14', NULL),
(000639, 'Bodrexin Pilek Alergi', 'Sirup', 'obat batuk', 4, 8000, 11000, '2019-02-14 11:14:14', NULL),
(000640, 'Pimtrakol', 'Sirup', 'obat batuk', 0, 10000, 12500, '2019-02-18 03:16:18', NULL),
(000641, 'Flutamol Syrup', 'Sirup', 'obat batuk', 0, 15000, 19000, '2019-02-14 11:15:14', NULL),
(000642, 'Zenirex', 'Sirup', 'obat batuk', 3, 5000, 7500, '2019-02-14 11:16:14', NULL),
(000643, 'Baby Cough', 'Sirup', 'obat batuk', -1, 4500, 6000, '2019-02-21 13:01:21', NULL),
(000644, 'Hufagrip Pilek', 'Sirup', 'obat batuk', 2, 12000, 17500, '2019-02-14 11:17:14', NULL),
(000645, 'Hufagrip Tmp', 'Sirup', 'antipiretik', 30, 12000, 17500, '2019-02-14 11:17:14', NULL),
(000646, 'Hufagrip Tmp', 'Sirup', 'antipiretik', 30, 12000, 17500, '2019-02-14 11:17:14', NULL),
(000647, 'Nellco spesial anak-anak all', 'Sirup', 'obat batuk', 1, 13000, 18000, '2019-02-14 11:18:14', NULL),
(000648, 'Triaminic Batuk&Pilek', 'Sirup', 'obat batuk', 0, 45000, 67000, '2019-02-15 13:29:15', NULL),
(000649, 'Triaminic Pilek', 'Sirup', 'obat batuk', 3, 53000, 66500, '2019-02-14 11:21:14', NULL),
(000650, 'Alco Drops', 'Drops', 'obat pilek', 0, 70000, 90000, '2019-02-14 11:21:14', NULL),
(000651, 'OBH Combi Anak All Rasa', 'Sirup', 'obat batuk', 6, 12000, 15000, '2019-02-16 14:28:16', NULL),
(000652, 'Madu Super Nusantara \'S\'', 'Sirup', 'suplemen makanan', 1, 63000, 72500, '2019-02-15 03:04:15', 'konsinyasi'),
(000653, 'Madu Murni Nusantara \'S\'', 'Sirup', 'suplemen makanan', 2, 52000, 60000, '2019-02-15 03:03:15', 'konsinyasi'),
(000655, 'Madu Super Nusantara \'B\'', 'Sirup', 'suplemen makanan', 3, 126000, 145000, '2019-02-15 03:00:15', 'konsinyasi'),
(000656, 'Madu Murni Nusantara \'B\'', 'Sirup', 'suplemen makanan', -1, 104000, 120000, '2019-02-15 02:59:15', 'konsinyasi'),
(000657, 'Madu Sumbawa', 'Sirup', 'suplemen makanan', 1, 1, 1, '2019-02-14 11:29:14', 'konsinyasi'),
(000658, 'Minosep Merah \'B\'', 'Gargle', 'obat kumur', 3, 30000, 40000, '2019-02-14 11:30:14', NULL),
(000659, 'Betadine Kumur \'B\'', 'Gargle', 'obat kumur', 0, 15000, 26000, '2019-02-14 11:31:14', NULL),
(000660, 'Asifit', 'Tablet', 'suplemen makanan', 1, 20000, 26500, '2019-02-14 11:32:14', NULL),
(000661, 'Lancar Asi', 'Tablet', 'suplemen makanan', 5, 8000, 11000, '2019-02-14 11:34:14', NULL),
(000662, 'Copal', 'Babycare', 'babycare', 1, 12000, 16500, '2019-02-14 11:35:14', NULL),
(000663, 'Balsem Baby TresnoJoyo 20gr', 'Babycare', 'babycare', 1, 5000, 8500, '2019-02-23 12:57:23', NULL),
(000664, 'Cussons Baby Cream', 'Babycare', 'babycare', 1, 14000, 18000, '2019-02-14 11:36:14', NULL),
(000665, 'Polydent 60gr', 'kesehatan gigi', 'kesehatan gigi', 2, 45000, 59000, '2019-02-14 11:37:14', NULL),
(000666, 'Polydent 20gr', 'kesehatan gigi', 'kesehatan gigi', 1, 18000, 26500, '2019-02-14 11:39:14', NULL),
(000667, 'Pigeon Silicone Pacifier Allsize', 'Babycare', 'babycare', 3, 25000, 32000, '2019-02-14 11:40:14', NULL),
(000668, 'Dodo Hygienic Baby Shooter', 'Babycare', 'babycare', 1, 15000, 18500, '2019-02-14 11:42:14', NULL),
(000669, 'Dodo Rotary Cleaning Brush', 'Babycare', 'babycare', 2, 18000, 22500, '2019-02-14 11:44:14', NULL),
(000670, 'Tempat Bedak', 'Babycare', 'babycare', 1, 18000, 22000, '2019-02-14 11:45:14', NULL),
(000671, 'Sari Kurma Al Jazira', 'Sirup', 'suplemen makanan', 8, 17500, 25000, '2019-02-15 03:17:15', 'konsinyasi'),
(000672, 'Sari Kurma Syamil', 'Sirup', 'suplemen makanan', 3, 17000, 25000, '2019-02-15 03:16:15', 'konsinyasi'),
(000673, 'Sari Kurma Al Jazira Madu Arab', 'Sirup', 'suplemen makanan', 5, 24000, 30000, '2019-02-15 03:18:15', 'konsinyasi'),
(000674, 'Squalen Gold', 'kapsul', 'suplemen makanan', 3, 30000, 40000, '2019-02-15 03:23:15', 'konsinyasi'),
(000675, 'Habbasyifa', 'kapsul', 'suplemen makanan', 3, 35000, 45000, '2019-02-15 03:23:15', 'konsinyasi'),
(000676, 'Sari Kurma Platinum Kids', 'Sirup', 'suplemen makanan', 3, 23000, 30000, '2019-02-15 03:19:15', 'konsinyasi'),
(000677, 'Madu Jadied', 'Sirup', 'suplemen makanan', 1, 24000, 35000, '2019-02-15 03:24:15', 'konsinyasi'),
(000678, 'Sari Kurma Madu Al Jazira', 'Sirup', 'suplemen makanan', 3, 23000, 30000, '2019-02-15 03:20:15', 'konsinyasi'),
(000679, 'Sari Kurma Al Jazira Premium', 'Sirup', 'suplemen makanan', 6, 24000, 37000, '2019-02-15 03:22:15', 'konsinyasi'),
(000680, 'Madu Pencernaan Syafaat', 'Sirup', 'suplemen makanan', 2, 55000, 70000, '2019-02-15 04:47:15', 'konsinyasi'),
(000682, 'Madu Anak Sehat Syafaat', 'Sirup', 'suplemen makanan', 2, 25000, 35000, '2019-02-15 04:48:15', 'konsinyasi'),
(000683, 'Sari Kurma Murni Syafaat', 'Sirup', 'suplemen makanan', 2, 25000, 32000, '2019-02-15 04:51:15', 'konsinyasi'),
(000684, 'Sari Kurma Madu Propolis Syafaat', 'Sirup', 'suplemen makanan', 3, 30000, 37500, '2019-02-15 04:49:15', 'konsinyasi'),
(000685, 'Sari Kurma Jambu Merah Syafaat', 'Sirup', 'suplemen makanan', 0, 30000, 37500, '2019-02-15 04:50:15', 'konsinyasi'),
(000686, 'Sari Kurma Sirsak Manggis Syafaat', 'Sirup', 'suplemen makanan', 0, 30000, 37500, '2019-02-15 04:49:15', 'konsinyasi'),
(000687, 'Monalisa Pelangsing \'B\'', 'kapsul', 'suplemen makanan', 1, 65000, 82000, '2019-02-15 05:03:15', 'konsinyasi'),
(000688, 'Monalisa Pelangsing \'K\'', 'kapsul', 'suplemen makanan', 4, 21500, 27000, '2019-02-15 05:04:15', 'konsinyasi'),
(000689, 'Monalisa Lancar Bulan', 'kapsul', 'suplemen makanan', 3, 1, 1, '2019-02-14 12:05:14', 'konsinyasi'),
(000690, 'Rensu', 'kapsul', 'suplemen makanan', 3, 1, 1, '2019-02-14 12:05:14', 'konsinyasi'),
(000691, 'Minyak Zaitun 60ml', 'Skincare', 'Skincare', 7, 13000, 20000, '2019-02-15 03:24:15', 'konsinyasi'),
(000692, 'Jahe Merah', 'granule', 'suplemen makanan', 1, 20000, 25000, '2019-02-15 04:50:15', 'konsinyasi'),
(000693, 'Kunyit Putih Temu Putri', 'granule', 'suplemen makanan', 3, 16000, 24000, '2019-02-15 04:45:15', 'konsinyasi'),
(000694, 'Al Jazira VCO', 'Skincare', 'Skincare', 5, 24500, 35000, '2019-02-15 03:25:15', 'konsinyasi'),
(000695, 'Madu Tetes HSA', 'obat tetes', 'suplemen makanan', 3, 130000, 165000, '2019-02-15 05:09:15', 'konsinyasi'),
(000696, 'Soman', 'obat tetes', 'suplemen makanan', 1, 195000, 244000, '2019-02-15 04:43:15', 'konsinyasi'),
(000697, 'Bio HSA \'B\'', 'obat tetes', 'suplemen makanan', 3, 155000, 185000, '2019-02-15 04:55:15', 'konsinyasi'),
(000698, 'Bio HSA \'K\'', 'obat tetes', 'suplemen makanan', 4, 50000, 60000, '2019-02-15 04:56:15', 'konsinyasi'),
(000699, 'Sensitif HCG Urine', 'testpack', 'alkes', 3, 20000, 25000, '2019-02-14 12:12:14', NULL),
(000700, 'Biotest Ms.Tellme Midstream Pregnancy Test', 'alkes', 'alkes', 11, 20000, 25000, '2019-02-14 12:17:14', 'konsinyasi'),
(000701, 'Right Sign Kaset Kesuburan', 'alkes', 'alkes', 3, 25000, 30000, '2019-02-14 12:16:14', 'konsinyasi'),
(000702, 'Biotest Ms.Tellme Alat Test Kehamilan', 'alkes', 'alkes', 21, 17000, 20000, '2019-02-14 12:17:14', 'konsinyasi'),
(000703, 'Right Sign Kaset Tes Kehamilan', 'alkes', 'alkes', 14, 12000, 15000, '2019-02-14 12:19:14', 'konsinyasi'),
(000704, 'Biotest Ms.Tellme Strip Test Kehamilan', 'alkes', 'alkes', 100, 9000, 10000, '2019-02-14 12:20:14', 'konsinyasi'),
(000705, 'Right Sign Strip Tes Kehamilan', 'alkes', 'alkes', 46, 5000, 7000, '2019-02-14 12:21:14', 'konsinyasi'),
(000706, 'Medicated Oil \'B\'', 'Skincare', 'Skincare', 2, 30000, 44000, '2019-02-14 12:21:14', NULL),
(000707, 'Cap Lang Medicated oil 6ml', 'Skincare', 'Skincare', 2, 13000, 18000, '2019-02-14 12:22:14', NULL),
(000708, 'Minyak Kayu Putih Sidola 60ml', 'Skincare', 'Skincare', 1, 20000, 29000, '2019-02-14 12:23:14', NULL),
(000709, 'Minyak Kayu Putih Sidola 30ml', 'Skincare', 'Skincare', 1, 12000, 16000, '2019-02-14 12:25:14', NULL),
(000710, 'Minyak Kayu Putih Cap Lang 15ml', 'Skincare', 'Skincare', 1, 5000, 8000, '2019-02-14 12:26:14', NULL),
(000711, 'Minyak Kayu Putih Cap Lang 30ml', 'Skincare', 'Skincare', 0, 8000, 12500, '2019-02-21 07:44:21', NULL),
(000712, 'Minyak Kayu Putih Cap Lang 60ml', 'Skincare', 'Skincare', 2, 17000, 23500, '2019-02-14 12:27:14', NULL),
(000713, 'Minyak Kayu Putih Cap Lang 120ml', 'Skincare', 'Skincare', 2, 35000, 44500, '2019-02-14 12:28:14', NULL),
(000714, 'Minyak Kayu Putih Cap Lang 210ml', 'Skincare', 'Skincare', 1, 60000, 75000, '2019-02-14 12:29:14', NULL),
(000715, 'Minyak Telon Lang Plus 60ml', 'Skincare', 'Skincare', 1, 15000, 20000, '2019-02-14 12:29:14', NULL),
(000716, 'Minyak Telon Lang Plus 100ml', 'Skincare', 'Skincare', 1, 25000, 32500, '2019-02-14 12:32:14', NULL),
(000717, 'Minyak Telon Lang 60ml', 'Skincare', 'Skincare', 1, 15000, 20000, '2019-02-14 12:32:14', NULL),
(000718, 'Minyak Telon Lang 100ml', 'Skincare', 'Skincare', 1, 25000, 32500, '2019-02-14 12:33:14', NULL),
(000719, 'Minyak Kayu Putih Konicare 125ml', 'Skincare', 'Skincare', 1, 35000, 48500, '2019-02-14 12:34:14', NULL),
(000720, 'Minyak Kayu Putih Konicare 30ml', 'Skincare', 'Skincare', 2, 11000, 14000, '2019-02-14 12:35:14', NULL),
(000721, 'Minyak Telon Konicare 30ml', 'Skincare', 'Skincare', 0, 11000, 14000, '2019-02-14 12:35:14', NULL),
(000722, 'Minyak Telon Konicare 60ml', 'Skincare', 'Skincare', 1, 17000, 25000, '2019-02-14 12:37:14', NULL),
(000723, 'Minyak Telon Konicare 125ml', 'Skincare', 'Skincare', 2, 35000, 48500, '2019-02-14 12:38:14', NULL),
(000724, 'Minyak Telon MyBaby 150ml', 'Skincare', 'Skincare', 3, 27000, 35500, '2019-02-14 12:38:14', NULL),
(000725, 'Tumitku \'B\'', 'Skincare', 'Skincare', 2, 30000, 40000, '2019-02-15 05:02:15', 'konsinyasi'),
(000726, 'Kana \'B\'', 'Skincare', 'Skincare', 2, 12000, 18500, '2019-02-14 12:40:14', NULL),
(000727, 'Kana \'K\'', 'Skincare', 'Skincare', 1, 8000, 11000, '2019-02-14 12:41:14', NULL),
(000728, 'Minyak Gandapura IKA 100ml', 'Skincare', 'Skincare', 1, 20000, 26000, '2019-02-15 13:26:15', NULL),
(000729, 'Minyak Gandapura IKA 60ml', 'Skincare', 'Skincare', 2, 13000, 17500, '2019-02-14 12:43:14', NULL),
(000730, 'Balsem Dragon', 'Skincare', 'Skincare', 0, 9000, 14000, '2019-02-14 12:43:14', NULL),
(000731, 'Norit', 'Pil', 'obat diare', 3, 14000, 17500, '2019-02-14 12:44:14', NULL),
(000732, 'Mapoh', 'serbuk', 'obat gatal', 2, 15000, 19500, '2019-02-14 12:44:14', NULL),
(000733, 'Gentian Violet', 'obat tetes', 'Obat sariawan', 12, 4500, 6000, '2019-02-14 12:45:14', NULL),
(000734, 'GOM', 'obat tetes', 'Obat sariawan', 2, 4500, 6000, '2019-02-24 02:18:24', NULL),
(000735, 'Vital Ear Drop', 'obat tetes', 'obat tetes telinga', 3, 12000, 16500, '2019-02-14 12:46:14', NULL),
(000736, 'Visine Original', 'obat tetes', 'obat tetes mata', 5, 12000, 16500, '2019-02-14 12:47:14', NULL),
(000737, 'Visine Extra', 'obat tetes', 'obat tetes mata', 1, 12000, 16000, '2019-02-14 12:47:14', NULL),
(000738, 'Visine Tears', 'obat tetes', 'obat tetes mata', 1, 12000, 16000, '2019-02-14 12:48:14', NULL),
(000739, 'Y-Rins', 'obat tetes', 'obat tetes mata', 1, 15000, 20000, '2019-02-14 12:48:14', NULL),
(000740, 'Cendo Lyteers', 'obat tetes', 'obat tetes mata', 1, 24000, 30000, '2019-02-14 12:49:14', NULL),
(000741, 'Insto Reguler', 'obat tetes', 'obat tetes mata', 7, 10000, 15000, '2019-02-14 12:50:14', NULL),
(000742, 'Rohto', 'obat tetes', 'obat tetes mata', 4, 10000, 12500, '2019-02-14 12:51:14', NULL),
(000743, 'Rohto Cool', 'obat tetes', 'obat tetes mata', 5, 13000, 16500, '2019-02-14 12:51:14', NULL),
(000744, 'Lactacyd Pink', 'liquid', 'Skincare', 1, 20000, 27500, '2019-02-14 12:52:14', NULL),
(000745, 'Lactacyd Baby Biru', 'Babycare', 'babycare', 1, 20000, 27500, '2019-02-14 12:53:14', NULL),
(000746, 'Betadine Antiseptik \'B\'', 'Skincare', 'Skincare', 1, 25000, 32500, '2019-02-14 12:54:14', NULL),
(000747, 'Betadine Feminine Hygienic', 'liquid', 'Skincare', 2, 20000, 29000, '2019-02-14 12:54:14', NULL),
(000748, 'Betadine Feminine Hygienic', 'liquid', 'Skincare', 2, 20000, 29000, '2019-02-14 12:54:14', NULL),
(000749, 'Betadine Feminine Hygienic', 'liquid', 'Skincare', 2, 20000, 29000, '2019-02-14 12:54:14', NULL),
(000750, 'Giovan Merah', 'liquid', 'Skincare', 1, 6000, 8000, '2019-02-14 12:56:14', NULL),
(000751, 'Giovan Biru', 'liquid', 'Skincare', 2, 6000, 7500, '2019-02-14 12:57:14', NULL),
(000752, 'Peditok', 'liquid', 'Skincare', 6, 6000, 8000, '2019-02-14 12:58:14', NULL),
(000753, 'Microlax Supp', 'suppositoria', 'obat laksativa', 1, 18500, 25000, '2019-02-23 11:55:23', NULL),
(000754, 'Minyak Zaitun Mustika Ratu 175ml', 'Skincare', 'Skincare', 1, 25000, 34000, '2019-02-14 12:59:14', NULL),
(000755, 'Madu Hitam Pahit', 'Sirup', 'suplemen makanan', -2, 48000, 65000, '2019-02-15 04:58:15', 'konsinyasi'),
(000756, 'Diane', 'Tablet', 'pil KB', 1, 115000, 132500, '2019-02-14 13:01:14', NULL),
(000757, 'Planotab', 'Tablet', 'pil KB', 17, 3500, 5000, '2019-02-14 13:02:14', NULL),
(000758, 'Ciprofloxacin 500 mg', 'Tablet', 'antibiotik', 90, 350, 400, '2019-02-14 13:02:14', NULL),
(000759, 'Cefixime 100 mg', 'Tablet', 'antibiotik', 90, 250, 300, '2019-02-14 13:03:14', NULL),
(000760, 'Cefadroxil 500 mg', 'Tablet', 'antibiotik', 120, 900, 1100, '2019-02-17 11:16:17', NULL),
(000761, 'Clindamycin 150 mg', 'Tablet', 'antibiotik', 20, 600, 800, '2019-02-14 13:05:14', NULL),
(000762, 'Chloramfenicol 250 mg', 'Tablet', 'antibiotik', 20, 300, 350, '2019-02-14 13:06:14', NULL),
(000763, 'Lincomycin 500 mg', 'Tablet', 'antibiotik', 1, 2200, 2400, '2019-02-14 13:07:14', NULL),
(000764, 'Metronidazol 500 mg', 'Tablet', 'antibiotik', 50, 250, 300, '2019-02-14 13:08:14', NULL),
(000765, 'Pirazynamid 500 mg', 'Tablet', 'obat paru', 100, 400, 500, '2019-02-14 13:08:14', NULL),
(000766, 'Rifampicin 450 mg', 'Tablet', 'obat paru', 80, 1500, 1650, '2019-02-14 13:09:14', NULL),
(000767, 'Rifampicin 600 mg', 'Tablet', 'obat paru', 20, 1700, 2000, '2019-02-14 13:10:14', NULL),
(000768, 'Thiampenicol Tab', 'Tablet', 'antibiotik', 40, 1400, 1600, '2019-02-14 13:11:14', NULL),
(000769, 'Acifar cr', 'salep', 'obat gatal', 7, 5000, 7500, '2019-02-14 13:14:14', NULL),
(000770, 'Bioplacenton gel', 'salep', 'obat luka bakar', 3, 15000, 18000, '2019-02-14 13:15:14', NULL),
(000771, 'Baycuten cr', 'salep', 'obat gatal', 1, 58000, 67000, '2019-02-14 13:15:14', NULL),
(000773, 'Cinolon-N cr 10 gr', 'salep', 'obat gatal', 1, 21000, 24000, '2019-02-14 13:19:14', NULL),
(000774, 'Benoson 5 gr', 'salep', 'obat gatal', 3, 17000, 19000, '2019-02-14 13:21:14', NULL),
(000775, 'Benoson-N cr 5 gr', 'salep', 'obat gatal', 1, 21000, 23500, '2019-02-14 13:22:14', NULL),
(000776, 'Cinovir cr', 'salep', 'obat gatal', 2, 6000, 7500, '2019-02-14 13:23:14', NULL),
(000777, 'Erla neo hydrocort cr 5 gr', 'salep', 'obat gatal', 3, 6000, 7500, '2019-02-14 13:24:14', NULL),
(000778, 'Inerson 15 gr', 'salep', 'obat gatal', 1, 48000, 54000, '2019-02-14 13:25:14', NULL),
(000779, 'Kalmicetin 15 gr', 'salep', 'obat luka', 3, 12500, 14500, '2019-02-14 13:26:14', NULL),
(000780, 'Kalcinol-N 5 gr', 'salep', 'obat gatal', 2, 12500, 14500, '2019-02-14 13:27:14', NULL),
(000781, 'Kenalog in oral base', 'salep', 'Obat sariawan', 1, 68000, 75000, '2019-02-14 13:27:14', NULL),
(000782, 'Kenacort-A 10 gr', 'salep', 'obat gatal', 1, 89000, 96500, '2019-02-14 13:28:14', NULL),
(000783, 'Kloderma oint  5 gr', 'salep', 'obat gatal', 1, 20000, 23000, '2019-02-14 13:31:14', NULL),
(000784, 'Mediklin TR 15 gr', 'salep', 'Skincare', 1, 42000, 47500, '2019-02-14 13:34:14', NULL),
(000785, 'Mediklin cr 15 gr', 'salep', 'Skincare', 1, 23000, 28500, '2019-02-14 13:33:14', NULL),
(000786, 'Melanox cr', 'salep', 'Skincare', 1, 32000, 36000, '2019-02-14 13:34:14', NULL),
(000787, 'Nizoral cr 5 gr', 'salep', 'obat gatal', 1, 45000, 51500, '2019-02-14 13:34:14', NULL),
(000788, 'Scabimite 30 gr', 'salep', 'obat gatal', 1, 49000, 57500, '2019-02-14 13:35:14', NULL),
(000790, 'Synalten cr 5 gr', 'salep', 'obat gatal', 8, 6500, 8000, '2019-02-14 13:37:14', NULL),
(000791, 'Ultraproct-N cr', 'salep', 'obat hemoroid', 1, 120000, 137500, '2019-02-14 13:38:14', NULL),
(000792, 'Vitaquin 15 gr', 'salep', 'Skincare', 1, 65000, 72500, '2019-02-14 13:39:14', NULL),
(000799, 'Erlamicetin Salep Mata', 'salep', 'obat mata', 5, 7500, 9000, '2019-02-14 13:40:14', NULL),
(000803, 'Ottopain Ear Drop', 'obat tetes', 'obat tetes telinga', 3, 57000, 62500, '2019-02-14 13:44:14', NULL),
(000804, 'Cendo Caterlent 15 ml', 'obat tetes', 'obat tetes mata', 1, 36000, 40000, '2019-02-14 13:45:14', NULL),
(000805, 'Cendo Xytrol 5 ml', 'obat tetes', 'obat tetes mata', 2, 28000, 35000, '2019-02-17 08:32:17', NULL),
(000806, 'Nolipo', 'kapsul', 'antibiotik', 75, 5000, 7000, '2019-02-14 13:47:14', NULL),
(000807, 'Omeprazole', 'kapsul', 'Obat maag', 80, 400, 600, '2019-02-14 13:48:14', NULL),
(000808, 'Lansoprazole', 'kapsul', 'Obat maag', 60, 800, 1000, '2019-02-14 13:49:14', NULL),
(000809, 'Pronicy Tab', 'Tablet', 'obat gatal', 40, 250, 350, '2019-02-14 13:50:14', NULL),
(000810, 'Imodium', 'Tablet', 'obat diare', 21, 9000, 10000, '2019-02-14 13:51:14', NULL),
(000811, 'Dextamine Tablet', 'Tablet', 'obat gatal', 50, 2000, 2500, '2019-02-14 13:52:14', NULL),
(000812, 'Cetirizine', 'Tablet', 'obat gatal', 190, 300, 500, '2019-02-24 02:02:24', NULL),
(000813, 'Voltadex 50', 'Tablet', 'Obat pegal', 120, 280, 600, '2019-02-14 13:53:14', NULL),
(000814, 'Chloramfecort-H', 'salep', 'obat gatal', 6, 10000, 12500, '2019-02-24 01:56:24', NULL),
(000815, 'Ocuson Tablet', 'Tablet', 'obat gatal', 20, 1500, 1800, '2019-02-14 13:57:14', NULL),
(000816, 'Farmoten 25mg', 'Tablet', 'Obat Hipertensi', 100, 250, 350, '2019-02-14 13:58:14', NULL),
(000817, 'Renadinac 50mg', 'Tablet', 'Obat pegal', 80, 350, 550, '2019-02-14 13:59:14', NULL),
(000818, 'Nufadex-M', 'Tablet', 'Obat radang', 20, 200, 300, '2019-02-14 13:59:14', NULL),
(000819, 'Kalmethasone', 'Tablet', 'Obat radang', 20, 150, 200, '2019-02-14 14:01:14', NULL),
(000820, 'Acyclovir Tablet', 'Tablet', 'antibiotik', 20, 1000, 2000, '2019-02-14 14:02:14', NULL),
(000821, 'Ambroxol Tablet', 'Tablet', 'obat batuk', 50, 200, 250, '2019-02-14 14:03:14', NULL),
(000822, 'Amlodipine 5mg', 'Tablet', 'Obat Hipertensi', 100, 500, 800, '2019-02-23 12:56:23', NULL),
(000823, 'Amlodipine 10mg', 'Tablet', 'Obat Hipertensi', 150, 450, 1100, '2019-02-14 14:05:14', NULL),
(000824, 'Atorvastatin 10mg', 'Tablet', 'obat kolestrol', 10, 2000, 2600, '2019-02-14 14:06:14', NULL),
(000825, 'Allopurinol 100mg', 'Tablet', 'obat asam urat', 20, 200, 300, '2019-02-14 14:06:14', NULL),
(000826, 'Allopurinol 300mg', 'Tablet', 'obat asam urat', 30, 500, 750, '2019-02-14 14:07:14', NULL),
(000827, 'Atorvastatin 20mg', 'Tablet', 'obat kolestrol', 10, 4000, 6000, '2019-02-14 14:08:14', NULL),
(000828, 'Bisoprolol', 'Tablet', 'Obat Jantung', 50, 800, 1000, '2019-02-16 01:52:16', NULL),
(000829, 'Cimetidine', 'Tablet', 'obat lambung', 40, 150, 250, '2019-02-14 14:09:14', NULL),
(000830, 'Digoxin', 'Tablet', 'Obat Jantung', 110, 200, 250, '2019-02-14 14:10:14', NULL),
(000831, 'Domperidone 10mg', 'Tablet', 'Obat mual', 90, 400, 500, '2019-02-14 14:11:14', NULL),
(000832, 'Etambuthol', 'Tablet', 'obat sesak', 10, 500, 700, '2019-02-14 14:12:14', NULL),
(000833, 'Furosemide 40mg', 'Tablet', 'diuretik', 10, 300, 400, '2019-02-14 14:13:14', NULL),
(000834, 'Fenofibrate', 'Tablet', 'belum diketahui', 30, 800, 1300, '2019-02-14 14:14:14', NULL),
(000835, 'Gemfibrozil', 'Tablet', 'belum diketahui', 10, 1200, 2000, '2019-02-14 14:14:14', NULL),
(000836, 'Gabapentin', 'Tablet', 'belum diketahui', 26, 4000, 6000, '2019-02-14 14:15:14', NULL),
(000837, 'Glimepiride 2mg', 'Tablet', 'Obat diabetes', 30, 1500, 1700, '2019-02-14 14:16:14', NULL),
(000838, 'Glimepiride 3mg', 'Tablet', 'Obat diabetes', 70, 2000, 2600, '2019-02-14 14:17:14', NULL),
(000839, 'Glimepiride 4mg', 'Tablet', 'Obat diabetes', 20, 3000, 3800, '2019-02-14 14:17:14', NULL),
(000840, 'Glimepiride 1mg', 'Tablet', 'Obat diabetes', 50, 800, 1000, '2019-02-14 14:18:14', NULL),
(000841, 'Lisinopril', 'Tablet', 'belum diketahui', 20, 450, 600, '2019-02-14 14:19:14', NULL),
(000842, 'Griseofulvin', 'Tablet', 'Obat diabetes', 20, 300, 350, '2019-02-14 14:20:14', NULL),
(000843, 'Ibuprofen', 'Tablet', 'antipiretik', 110, 280, 400, '2019-02-14 14:21:14', NULL),
(000844, 'Diclofenac Pottasium', 'Tablet', 'anti inflamasi', 30, 600, 800, '2019-02-14 14:21:14', NULL),
(000845, 'Isoniazid', 'Tablet', 'belum diketahui', 20, 100, 200, '2019-02-14 14:22:14', NULL),
(000846, 'Loratadine', 'Tablet', 'obat gatal', 50, 400, 500, '2019-02-14 14:23:14', NULL),
(000847, 'Ketorolac', 'Tablet', 'belum diketahui', 20, 2500, 4000, '2019-02-14 14:23:14', NULL),
(000848, 'Meloxicam 15mg', 'Tablet', 'anti inflamasi', 40, 1000, 1300, '2019-02-14 14:25:14', NULL),
(000849, 'Meloxicam 7,5mg', 'Tablet', 'anti inflamasi', 70, 600, 800, '2019-02-14 14:26:14', NULL),
(000850, 'Nifedipine', 'Tablet', 'belum diketahui', 160, 150, 200, '2019-02-14 14:27:14', NULL),
(000851, 'Metformin 850mg', 'Tablet', 'Obat diabetes', 27, 500, 700, '2019-02-14 14:27:14', NULL),
(000852, 'Methylprednisolon 4mg', 'Tablet', 'anti radang', 160, 280, 450, '2019-02-14 14:28:14', NULL),
(000853, 'Natrium Diklofenak', 'Tablet', 'anti inflamasi', 50, 350, 500, '2019-02-14 14:29:14', NULL),
(000854, 'Propanolol 10mg', 'Tablet', 'belum diketahui', 20, 150, 200, '2019-02-14 14:29:14', NULL),
(000855, 'Propanolol 30mg', 'Tablet', 'belum diketahui', 70, 350, 500, '2019-02-14 14:30:14', NULL),
(000856, 'Ramipril 2,5mg', 'Tablet', 'belum diketahui', 20, 250, 400, '2019-02-14 14:32:14', NULL),
(000857, 'Ramipril 5mg', 'Tablet', 'belum diketahui', 118, 5000, 8000, '2019-02-14 14:33:14', NULL),
(000858, 'Ramipril 10mg', 'Tablet', 'belum diketahui', 30, 1400, 1800, '2019-02-14 14:33:14', NULL),
(000859, 'Simvastatin 10mg', 'Tablet', 'obat kolestrol', 180, 380, 700, '2019-02-14 14:34:14', NULL),
(000860, 'Simvastatin 20mg', 'Tablet', 'obat kolestrol', 90, 360, 1300, '2019-02-14 14:34:14', NULL),
(000861, 'Salbutamol 2mg', 'Tablet', 'obat sesak', 90, 150, 200, '2019-02-14 14:36:14', NULL),
(000862, 'Salbutamol 4mg', 'Tablet', 'obat sesak', 40, 200, 250, '2019-02-14 14:35:14', NULL),
(000863, 'Microgynon', 'Pil', 'kb', 10, 12500, 17000, '2019-02-24 02:08:24', NULL),
(000864, 'Andalan', 'Pil', 'kb', 18, 4600, 6500, '2019-02-21 13:14:21', NULL),
(000865, 'Hot In Cream all variant', 'Lotion', 'obat gosok', 3, 16500, 21000, '2019-02-21 07:44:21', NULL),
(000866, 'Freshcare all variant', 'Skincare', 'Skincare', 15, 10000, 13000, '2019-02-14 14:39:14', NULL),
(000867, 'Safecare', 'Skincare', 'Skincare', 2, 14000, 17000, '2019-02-14 14:40:14', NULL),
(000868, 'Teh Daun Jati Cina', 'jamu', 'suplemen makanan', 13, 9000, 10000, '2019-02-14 14:41:14', 'konsinyasi'),
(000869, 'Kuldon Tablet', 'Tablet', 'Obat sariawan', 2, 1500, 2000, '2019-02-14 14:41:14', NULL),
(000870, 'Parfume', 'Konsinyasi', 'konsinyasi', 21, 9000, 10000, '2019-02-14 14:43:14', 'konsinyasi'),
(000871, 'Madu Nusantara Sachet', 'Sachet', 'suplemen makanan', 5, 3000, 4000, '2019-02-15 02:58:15', 'konsinyasi'),
(000872, 'Antangin Junior', 'Sachet', 'obat masuk angin', 16, 2000, 2500, '2019-02-14 14:44:14', NULL),
(000873, 'Antangin Tablet', 'Tablet', 'belum diketahui', 5, 2000, 2500, '2019-02-14 14:45:14', NULL),
(000874, 'Tolak Angin Anak', 'Sachet', 'belum diketahui', 36, 2000, 2500, '2019-02-14 14:45:14', NULL),
(000875, 'Tolak Linu', 'Sachet', 'belum diketahui', 15, 2000, 3000, '2019-02-14 14:46:14', NULL),
(000876, 'Tolak Angin Flu', 'Sachet', 'belum diketahui', 5, 2000, 3000, '2019-02-14 14:47:14', NULL),
(000877, 'Antangin Cair', 'Sachet', 'belum diketahui', 27, 2000, 3000, '2019-02-17 03:06:17', NULL),
(000878, 'Tolak Angin Dewasa', 'Sachet', 'belum diketahui', 5, 2500, 3500, '2019-02-14 14:48:14', NULL),
(000879, 'Bintang 7 Masuk Angin', 'Sachet', 'belum diketahui', 15, 2000, 2500, '2019-02-14 14:49:14', NULL),
(000880, 'Pagoda Pastiles', 'permen', 'makanan', 3, 4400, 6500, '2019-02-14 14:49:14', NULL),
(000881, 'Authentic Alkali', 'Konsinyasi', 'konsinyasi', 7, 15000, 16000, '2019-02-14 14:50:14', 'konsinyasi'),
(000882, 'MASKER', 'alkes', 'belum diketahui', 295, 800, 1000, '2019-02-23 02:03:23', NULL),
(000883, 'Ketoconazole 200mg', 'Tablet', 'obat jamur', 10, 400, 600, '2019-02-16 10:14:16', NULL),
(000884, 'OBH Combi Plus \'B\'', 'Sirup', 'obat batuk', 3, 14500, 18500, '2019-02-24 02:59:24', NULL),
(000885, 'OBH Combi Plus \'K\'', 'Sirup', 'obat batuk', 4, 11500, 14500, '2019-02-24 02:58:24', NULL),
(000886, 'OB Herbal 100ml', 'Sirup', 'obat batuk', 3, 15000, 19000, '2019-02-16 14:30:16', NULL),
(000887, 'OB Herbal 60ml', 'Sirup', 'obat batuk', 3, 11000, 14000, '2019-02-16 14:30:16', NULL),
(000888, 'OB Herbal Junior', 'Sirup', 'obat batuk', 2, 11000, 14000, '2019-02-16 14:31:16', NULL),
(000889, 'Termorex Plus 60ml', 'Sirup', 'obat batuk', 1, 12500, 16000, '2019-02-16 14:32:16', NULL),
(000890, 'Hufagrip BP', 'Sirup', 'obat batuk', 10, 16000, 20001, '2019-02-16 14:33:16', NULL),
(000891, 'Hufagrip Flu', 'Sirup', 'obat batuk', 3, 16500, 21000, '2019-02-16 14:34:16', NULL),
(000892, 'Proris Syrup', 'Sirup', 'antipiretik', 0, 22000, 27500, '2019-02-16 14:35:16', NULL),
(000893, 'Proris Forte Syrup', 'Sirup', 'antipiretik', 1, 26000, 31500, '2019-02-16 14:36:16', NULL),
(000894, 'Kasa gulung "S"', 'alkes', 'perban', 2, 3500, 5000, '2019-02-17 01:53:17', NULL),
(000895, 'Obh Combi Syr', 'Sirup', 'obat batuk', 7, 10500, 13500, '2019-02-24 02:56:24', NULL),
(000896, 'Kasa Husada', 'alkes', 'perban', 3, 9000, 12000, '2019-02-17 08:28:17', NULL),
(000897, 'Vermint "B"', 'kapsul', 'obat tipes', 0, 31000, 40000, '2019-02-17 09:25:17', NULL),
(000898, 'Jasa Resep', 'alkes', 'belum diketahui', 99, 5000, 8000, '2019-02-17 11:11:17', NULL),
(000900, 'Parasetamol 500mg', 'Tablet', 'belum diketahui', 0, 200, 300, '2019-02-21 08:13:21', NULL),
(000902, 'Tempra Syrup 60ml', 'Sirup', 'antipiretik', 1, 37000, 46500, '2019-02-17 12:27:17', NULL),
(000903, 'Termorex Syrup 60ml', 'Sirup', 'antipiretik', 3, 12500, 16000, '2019-02-17 13:30:17', NULL),
(000904, 'Enkasari', 'Gargle', 'Obat sariawan', 0, 17000, 21500, '2019-02-17 13:30:17', NULL),
(000905, 'Betadine Kumur \'K\'', 'Gargle', 'Obat sariawan', 1, 12500, 16000, '2019-02-17 13:32:17', NULL),
(000906, 'Tonikum Bayer 100ml', 'Sirup', 'suplemen makanan', 2, 13000, 16500, '2019-02-17 13:50:17', NULL),
(000907, 'Polysilane 180ml', 'Sirup', 'Obat maag', 1, 29000, 36500, '2019-02-17 14:21:17', NULL),
(000908, 'Dulcolactol Syrup', 'Sirup', 'laxative', 1, 62000, 77500, '2019-02-17 14:23:17', NULL),
(000909, 'Laxadine Syrup', 'Sirup', 'laxative', 1, 38000, 47500, '2019-02-17 14:24:17', NULL),
(000910, 'Micropore \'K\'', 'alkes', 'alkes', 1, 12000, 15000, '2019-02-17 14:33:17', NULL),
(000911, 'Micropore \'S\'', 'alkes', 'alkes', 1, 18000, 22500, '2019-02-17 14:34:17', NULL),
(000912, 'Betadine 60ml', 'antiseptik', 'antiseptik', 1, 32500, 41000, '2019-02-17 14:37:17', NULL),
(000913, 'Zambuk', 'obat gosok', 'obat gosok', 1, 31500, 40000, '2019-02-17 14:40:17', NULL),
(000914, 'Vicks Vaporub 25gr', 'obat gosok', 'obat gosok', 2, 15000, 19000, '2019-02-17 14:42:17', NULL),
(000915, 'Minyak Angin Cap Kapak 56ml', 'obat gosok', 'obat gosok', 1, 55000, 69000, '2019-02-17 14:45:17', NULL),
(000916, 'Curcuma plus sharpy 60ml', 'Sirup', 'suplemen makanan', 4, 12000, 15000, '2019-02-18 01:48:18', NULL),
(000917, 'Callusol', 'antiseptik', 'antiseptik', 2, 27500, 34500, '2019-02-18 01:55:18', NULL),
(000918, 'Minyak Kayu Putih Sidola 100ml', 'Skincare', 'Skincare', 2, 37000, 46500, '2019-02-18 01:57:18', NULL),
(000919, 'Minyak Telon MyBaby 90ml', 'Skincare', 'Skincare', 2, 17500, 22000, '2019-02-18 01:59:18', NULL),
(000920, 'Minyak Telon MyBaby 60ml', 'Skincare', 'Skincare', 1, 13500, 17000, '2019-02-18 02:00:18', NULL),
(000921, 'Minyak Telon TresnoJoyo 100ml', 'Skincare', 'babycare', 2, 20000, 25000, '2019-02-18 02:01:18', NULL),
(000922, 'Minyak Tawon \'DD\'', 'Skincare', 'Skincare', 0, 21000, 26500, '2019-02-18 02:02:18', NULL),
(000923, 'Minyak Tawon \'EE\'', 'Skincare', 'Skincare', 1, 33500, 42000, '2019-02-18 02:03:18', NULL),
(000924, 'Minyak Tawon \'FF\'', 'Skincare', 'Skincare', 1, 46500, 58500, '2019-02-18 02:03:18', NULL),
(000925, 'Hot In Cream DCL', 'Skincare', 'Skincare', 20, 12000, 15000, '2019-02-18 02:05:18', NULL),
(000926, 'Combantrin 250mg', 'Tablet', 'Obat cacing', 0, 13000, 16500, '2019-02-18 02:12:18', NULL),
(000927, 'Combantrin Jeruk Syr', 'Sirup', 'Obat cacing', 0, 16000, 20000, '2019-02-18 02:13:18', NULL),
(000928, 'Bye Bye Fever Anak', 'Babycare', 'antipiretik', 6, 9500, 12000, '2019-02-18 02:16:18', NULL),
(000929, 'Thrombophob Gel 20gr', 'Skincare', 'Skincare', 0, 55000, 69000, '2019-02-18 02:17:18', NULL),
(000930, 'Ultrasiline Salep', 'salep', 'obat gatal', 4, 7500, 9500, '2019-02-18 02:19:18', NULL),
(000931, 'Daktarin 10gr', 'salep', 'obat gatal', 1, 35000, 44000, '2019-02-18 02:20:18', NULL),
(000932, 'Rhemasil krim hijau', 'Skincare', 'Skincare', 2, 13000, 16500, '2019-02-18 02:22:18', NULL),
(000933, 'Voltaren 10gr', 'Skincare', 'Skincare', 1, 45000, 56500, '2019-02-18 02:24:18', NULL),
(000934, 'Wellmove', 'Tablet', 'suplemen makanan', 12, 13500, 17000, '2019-02-18 02:25:18', NULL),
(000935, 'Sangobion Cap', 'kapsul', 'suplemen makanan', 1, 12000, 15000, '2019-02-18 02:26:18', NULL),
(000936, 'Mucos Syrup', 'Sirup', 'obat batuk', 2, 13000, 16500, '2019-02-18 02:31:18', NULL),
(000937, 'Metformin 500mg', 'Tablet', 'Obat diabetes', 105, 150, 250, '2019-02-18 02:32:18', NULL),
(000938, 'Maximus', 'kapsul', 'suplemen makanan', 3, 15000, 19000, '2019-02-18 02:34:18', NULL),
(000939, 'Mycoral Salep 5gr', 'salep', 'obat gatal', 6, 11000, 14000, '2019-02-18 02:35:18', NULL),
(000940, 'Erlamicetin Tetes Telinga', 'obat tetes', 'tetes telinga', 3, 7000, 9000, '2019-02-18 02:37:18', NULL),
(000941, 'Silex Syrup', 'Sirup', 'obat batuk', 2, 48500, 61000, '2019-02-18 02:39:18', NULL),
(000942, 'Ottopan Drops', 'Drops', 'antipiretik', 2, 18500, 23500, '2019-02-18 02:40:18', NULL),
(000943, 'Elkana CL', 'Sirup', 'suplemen makanan', 1, 47000, 59000, '2019-02-18 02:41:18', NULL),
(000944, 'Zinkid Syrup', 'Sirup', 'laxative', 1, 26500, 33500, '2019-02-18 02:42:18', NULL),
(000945, 'Curvit CL', 'Sirup', 'suplemen makanan', 1, 48000, 60000, '2019-02-18 02:43:18', NULL),
(000946, 'Incidal OD Capsule', 'kapsul', 'obat gatal', 20, 3000, 3500, '2019-02-18 02:43:18', NULL),
(000947, 'Vermint \'K\'', 'kapsul', 'antipiretik', 0, 19500, 22000, '2019-02-18 02:46:18', NULL),
(000948, 'Polident \'K\'', 'alkes', 'belum diketahui', 10, 18000, 26500, '2019-02-18 03:17:18', NULL),
(000949, 'Polident \'B\'', 'alkes', 'belum diketahui', 2, 40000, 59000, '2019-02-18 03:19:18', NULL),
(000950, 'Sanmol syr', 'Sirup', 'obat demam', 6, 12550, 17000, '2019-02-22 05:23:22', NULL),
(000951, 'Sanmol drop', 'Sirup', 'obat demam', 5, 16850, 22000, '2019-02-22 05:23:22', NULL),
(000952, 'MINOL', 'cair', 'obat luka', 30, 17000, 20009, '2019-02-22 12:39:22', NULL),
(000953, 'ALOFAR 100MG', 'Tablet', 'OBAT ASAM URAT', 50, 4000, 5000, '2019-02-23 06:22:23', NULL),
(000955, 'Vicks F44 Anak 27 ml', 'Sirup', 'obat batuk', 10, 12000, 7501, '2019-05-30 12:58:30', NULL),
(000956, 'Vicks F44 Anak 54 ml', 'Sirup', 'obat batuk', 10, 11000, 14001, '2019-02-24 03:09:24', NULL),
(000957, 'Tes', 'sirup', 'obat sirup', 25, 2500, 3000, '2019-05-31 14:47:31', NULL),
(000958, 'Madu anak', 'herbal', 'herbal madu', 5, 80000, 90000, '2019-05-31 14:47:31', 'konsinyasi'),
(000960, 'Tes22', 'tes2', 'ttes2', 3, 40, 60, '2019-05-31 14:45:49', NULL),
(000961, 'tes single', 'tes 3', 'tes 3', 5, 55, 66, '2019-05-31 14:46:31', 'konsinyasi'),
(000962, 'tes single 4', 'tes s 4', 'tes s 4', 2, 700, 800, '2019-05-31 14:46:31', NULL);

-- --------------------------------------------------------

--
-- Struktur dari tabel `stokMasuk`
--

CREATE TABLE `stokMasuk` (
  `id` int(6) UNSIGNED ZEROFILL NOT NULL,
  `user_id` int(4) UNSIGNED ZEROFILL DEFAULT NULL,
  `id_suplier` int(6) UNSIGNED ZEROFILL DEFAULT NULL,
  `nama_produk` varchar(40) NOT NULL,
  `id_produk` int(6) UNSIGNED ZEROFILL DEFAULT NULL,
  `tanggal` timestamp NULL DEFAULT CURRENT_TIMESTAMP,
  `jumlah` int(4) DEFAULT NULL,
  `modal` int(10) DEFAULT NULL COMMENT 'price buy from supplier',
  `jual` int(10) DEFAULT NULL
) ENGINE=InnoDB DEFAULT CHARSET=utf8;

--
-- Dumping data untuk tabel `stokMasuk`
--

INSERT INTO `stokMasuk` (`id`, `user_id`, `id_suplier`, `nama_produk`, `id_produk`, `tanggal`, `jumlah`, `modal`, `jual`) VALUES
(000001, 0013, 000001, 'Nellco spesial 60ml', 000068, '2019-02-17 02:20:32', 2, 19500, 24500),
(000002, 0013, 000001, 'Nellco spesial 100ml', 000067, '2019-02-17 02:25:52', 2, 26500, 33500),
(000003, 0013, 000001, 'Siladex 60ml allrasa', 000080, '2019-02-17 02:28:04', 9, 11000, 19000),
(000004, 0013, 000001, 'Decadril 100ml', 000077, '2019-02-17 02:29:40', 2, 12000, 15000),
(000005, 0013, 000001, 'Decadril 60ml', 000076, '2019-02-17 02:30:36', 2, 10000, 12500),
(000006, 0013, 000001, 'Obh Combi Syr', 000895, '2019-02-17 03:31:50', 6, 10500, 13500),
(000007, 0013, 000001, 'OBH Combi Anak All Rasa', 000651, '2019-02-17 03:32:21', 6, 12000, 15000),
(000008, 0012, 000001, 'Marcks All', 000099, '2019-02-17 13:36:24', 2, 12500, 16000),
(000009, 0012, 000001, 'Salicyl KF', 000098, '2019-02-17 13:49:32', 6, 5500, 7000),
(000010, 0012, 000001, 'Sakatonik ABC all', 000127, '2019-02-17 14:06:42', 8, 11500, 14500),
(000011, 0012, 000001, 'CDR "15', 000150, '2019-02-17 14:08:10', 1, 48500, 60000),
(000012, 0012, 000001, 'Enervon C"30', 000145, '2019-02-17 14:12:35', 2, 30000, 37500),
(000013, 0012, 000001, 'Polysilane 100ml', 000157, '2019-02-17 14:22:36', 2, 20000, 25000),
(000014, 0012, 000001, 'Curcuma Emulsion all', 000164, '2019-02-17 14:25:25', 2, 22000, 27500),
(000015, 0012, 000001, 'Hansaplast roll \'B\'', 000216, '2019-02-17 14:30:53', 10, 7500, 10000),
(000016, 0012, 000001, 'Betadine 15ml', 000162, '2019-02-17 14:36:38', 2, 10500, 13500),
(000017, 0012, 000001, 'Kasa Husada', 000896, '2019-02-17 14:39:48', 6, 9000, 12000),
(000018, 0012, 000001, 'Curcuma plus 60ml', 000189, '2019-02-18 01:47:05', 2, 11000, 14000),
(000019, 0012, 000001, 'Microlax Supp', 000753, '2019-02-18 01:52:22', 3, 18500, 25000),
(000020, 0012, 000001, 'Giovan Biru', 000751, '2019-02-18 01:53:16', 2, 6000, 7500),
(000021, 0012, 000001, 'Rohto Cool', 000743, '2019-02-18 01:54:14', 2, 13000, 16500),
(000022, 0012, 000001, 'Freshcare all variant', 000866, '2019-02-18 02:05:01', 2, 10000, 13000),
(000023, 0012, 000001, 'Oskadon SP', 000510, '2019-02-18 02:09:59', 25, 1600, 2500),
(000024, 0012, 000001, 'Tolak Angin Dewasa', 000878, '2019-02-18 02:14:32', 36, 2500, 3500),
(000025, 0012, 000001, 'Miconazole', 000299, '2019-02-18 02:15:34', 6, 4000, 5000),
(000026, 0012, 000001, 'Kalpanax', 000307, '2019-02-18 02:21:32', 6, 8500, 11000),
(000027, 0012, 000001, 'Dexteem plus', 000344, '2019-02-18 02:27:23', 200, 230, 350),
(000028, 0012, 000001, 'Chloramfecort-H', 000814, '2019-02-18 02:28:09', 3, 10000, 13000),
(000029, 0012, 000001, 'Omeprazole', 000807, '2019-02-18 02:28:52', 60, 400, 600),
(000030, 0012, 000001, 'Teosal', 000363, '2019-02-18 02:29:43', 200, 150, 250),
(000031, 0012, 000001, 'Captopril 25mg', 000358, '2019-02-18 02:30:38', 100, 150, 200),
(000032, 0012, 000001, 'Vicks 44 100ml', 000088, '2019-02-18 02:33:25', 2, 15500, 19500),
(000033, 0012, 000001, 'Piroxicam 20mg', 000361, '2019-02-18 02:36:07', 100, 160, 200),
(000034, 0012, 000001, 'Andalan', 000864, '2019-02-18 02:38:30', 30, 4600, 6500),
(000035, 0013, 000002, 'Sanmol Tab', 000508, '2019-02-22 05:22:07', 25, 1250, 1500),
(000036, 0013, 000002, 'Sanmol drop', 000951, '2019-02-22 05:24:14', 6, 16850, 22000),
(000037, 0013, 000002, 'Sanmol syr', 000950, '2019-02-22 05:25:07', 12, 12550, 17000),
(000038, 0012, 000001, 'Omeprazole', 000807, '2019-02-23 13:31:00', 90, 400, 600),
(000039, 0012, 000001, 'Baby Cough', 000643, '2019-02-23 14:48:12', 6, 4500, 6000),
(000040, 0011, 000001, 'Glibenclamid 5mg', 000336, '2019-02-24 01:34:27', 200, 160, 200),
(000041, 0011, 000001, 'Lanadexon', 000337, '2019-02-24 01:35:33', 100, 150, 200),
(000042, 0011, 000001, 'Dexteem plus', 000344, '2019-02-24 01:37:11', 200, 230, 300),
(000043, 0011, 000001, 'Neuralgin', 000345, '2019-02-24 01:38:00', 100, 650, 850),
(000044, 0011, 000001, 'Anastan 500mg', 000355, '2019-02-24 01:41:49', 100, 330, 450),
(000045, 0011, 000001, 'Betadine 15ml', 000162, '2019-02-24 01:42:55', 3, 10500, 13500),
(000047, 0011, 000001, 'Ponstan 500mg', 000346, '2019-02-24 01:51:32', 50, 220, 300),
(000048, 0011, 000001, 'Dexa 0,5mg', 000350, '2019-02-24 01:52:40', 200, 140, 200),
(000049, 0011, 000001, 'Opistan 500mg', 000356, '2019-02-24 01:55:01', 100, 320, 400),
(000050, 0011, 000001, 'Chloramfecort-H', 000814, '2019-02-24 01:56:50', 5, 10000, 12500),
(000051, 0011, 000001, 'Voltadex 50', 000813, '2019-02-24 01:59:23', 100, 280, 600),
(000052, 0011, 000001, 'Cetirizine', 000812, '2019-02-24 02:03:22', 100, 300, 500),
(000053, 0011, 000001, 'Teosal', 000363, '2019-02-24 02:04:36', 200, 150, 250),
(000054, 0011, 000001, 'Piroxicam 10mg', 000360, '2019-02-24 02:06:22', 100, 120, 150),
(000055, 0011, 000001, 'FG Troches', 000481, '2019-02-24 02:07:17', 120, 1066, 1600),
(000056, 0011, 000001, 'Microgynon', 000863, '2019-02-24 02:09:10', 10, 12500, 17000),
(000057, 0011, 000001, 'Simvastatin 20mg', 000860, '2019-02-24 02:10:14', 50, 360, 1300),
(000058, 0011, 000001, 'Fitkom Gummy F&V', 000124, '2019-02-24 02:12:21', 2, 16500, 21000),
(000059, 0011, 000001, 'Simvastatin 10mg', 000859, '2019-02-24 02:19:45', 100, 380, 700),
(000060, 0011, 000001, 'Methylprednisolon 4mg', 000852, '2019-02-24 02:28:29', 100, 280, 450),
(000061, 0011, 000001, 'Metformin 500mg', 000937, '2019-02-24 02:34:01', 100, 150, 250),
(000062, 0011, 000001, 'Nifedipine', 000850, '2019-02-24 02:34:34', 100, 150, 200),
(000063, 0011, 000001, 'Ibuprofen', 000843, '2019-02-24 02:35:40', 100, 280, 400),
(000064, 0011, 000001, 'Amlodipine 10mg', 000823, '2019-02-24 02:36:26', 100, 450, 1100),
(000065, 0011, 000001, 'Freshcare all variant', 000866, '2019-02-24 02:37:07', 4, 10000, 13000),
(000066, 0011, 000001, 'Hot In Cream all variant', 000865, '2019-02-24 02:38:46', 2, 16500, 21000),
(000067, 0011, 000001, 'Fiesta all', 000177, '2019-02-24 02:46:06', 3, 10000, 12500),
(000068, 0011, 000001, 'Durex all', 000176, '2019-02-24 02:47:06', 2, 16000, 20000),
(000069, 0011, 000001, 'Actifed Hijau 60ml', 000003, '2019-02-24 02:47:39', 2, 43000, 54000),
(000070, 0011, 000001, 'Actifed Merah 60ml', 000065, '2019-02-24 02:52:10', 2, 43000, 54000),
(000071, 0011, 000001, 'Nellco spesial 100ml', 000067, '2019-02-24 02:53:27', 2, 26500, 33500),
(000072, 0011, 000001, 'Nellco spesial 60ml', 000068, '2019-02-24 02:54:04', 2, 19500, 24500),
(000073, 0011, 000001, 'OB Herbal 100ml', 000886, '2019-02-24 02:54:59', 2, 15000, 19000),
(000074, 0011, 000001, 'OB Herbal 60ml', 000887, '2019-02-24 02:55:29', 2, 11000, 14000),
(000075, 0011, 000001, 'Obh Combi Syr', 000895, '2019-02-24 02:56:57', 4, 10500, 13500),
(000076, 0011, 000001, 'OBH Combi Plus \'K\'', 000885, '2019-02-24 02:58:33', 3, 11500, 14500),
(000077, 0011, 000001, 'OBH Combi Plus \'B\'', 000884, '2019-02-24 03:00:13', 3, 14500, 18500),
(000078, 0011, 000001, 'Siladex 60ml allvariant', 000080, '2019-02-24 03:03:19', 6, 11000, 14000),
(000079, 0011, 000001, 'Woods Expectorant 60ml', 000085, '2019-02-24 03:04:17', 4, 15000, 19000),
(000080, 0011, 000001, 'Vicks F44 Anak 27 ml', 000955, '2019-02-24 03:11:34', 2, 6000, 7500),
(000081, 0011, 000001, 'Vicks F44 Anak 54 ml', 000956, '2019-02-24 03:10:30', 2, 11000, 14000),
(000082, 0011, 000001, 'Triaminic Pilek', 000649, '2019-02-24 03:13:45', 2, 53000, 66500),
(000083, 0011, 000001, 'Hufagrip BP', 000890, '2019-02-24 03:14:28', 5, 16000, 20000),
(000084, 0007, 000002, 'Hufagrip BP', 000890, '2019-05-30 17:00:00', 3, 16000, 20001),
(000085, 0007, 000002, 'MINOL', 000952, '2019-05-30 17:00:00', 4, 17000, 20003),
(000086, 0007, 000001, 'Abbocath 20', 000253, '2019-05-30 17:00:00', 10, 8000, 10000),
(000087, 0007, 000002, 'Vicks F44 Anak 27 ml', 000955, '2019-05-31 09:35:13', 6, 12000, 7501),
(000088, 0007, 000002, 'Vicks F44 Anak 54 ml', 000956, '2019-05-31 09:35:13', 8, 11000, 14001),
(000089, 0007, 000002, 'MINOL', 000952, '2019-05-31 10:04:11', 5, 17000, 20009),
(000090, 0007, 000002, 'MINOL', 000952, '2019-05-31 13:29:58', 20, 17000, 20009),
(000091, 0007, 000001, 'Abbocath 22', 000252, '2019-05-31 13:31:44', 100, 8001, 10000),
(000092, 0007, 000001, 'Acyclovir  5%', 000222, '2019-05-31 13:31:44', 100, 5001, 6000),
(000093, 0007, 000002, 'Polident \'K\'', 000948, '2019-05-31 13:44:05', 10, 18000, 26500);

-- --------------------------------------------------------

--
-- Struktur dari tabel `supplier`
--

CREATE TABLE `supplier` (
  `id` int(4) UNSIGNED ZEROFILL NOT NULL,
  `nama` varchar(25) NOT NULL,
  `alamat` varchar(255) NOT NULL,
  `hp` varchar(13) NOT NULL,
  `jenis` varchar(25) NOT NULL
) ENGINE=InnoDB DEFAULT CHARSET=utf8;

--
-- Dumping data untuk tabel `supplier`
--

INSERT INTO `supplier` (`id`, `nama`, `alamat`, `hp`, `jenis`) VALUES
(0001, 'Sinar Terang', 'Jakarta, Indonesia', '088888888', 'umum'),
(0002, 'BSP (Bina San Prima)', 'jalan pembangunan kedunghalang Bogor', '02518655589', 'umum'),
(0003, 'Ahmad', 'Cibanteng, Bogor', '0822222222', 'umum');

-- --------------------------------------------------------

--
-- Struktur dari tabel `tutupKasir`
--

CREATE TABLE `tutupKasir` (
  `no_slip` int(5) UNSIGNED ZEROFILL NOT NULL,
  `tanggal` date NOT NULL,
  `jam_mulai` time NOT NULL,
  `jam_tutup` time NOT NULL,
  `user_id` int(3) UNSIGNED ZEROFILL NOT NULL,
  `kode_akhir` varchar(10) NOT NULL,
  `kas_awal` int(10) NOT NULL,
  `total_penjualan` int(10) NOT NULL,
  `rawat_inap` int(10) NOT NULL,
  `total_transaksi` int(11) NOT NULL,
  `kas_tersedia` int(11) NOT NULL,
  `kartu_debit` int(11) NOT NULL,
  `belum_dibayar` int(11) NOT NULL,
  `total_kas` int(11) NOT NULL,
  `selisih` int(11) NOT NULL
) ENGINE=InnoDB DEFAULT CHARSET=latin1;

--
-- Dumping data untuk tabel `tutupKasir`
--

INSERT INTO `tutupKasir` (`no_slip`, `tanggal`, `jam_mulai`, `jam_tutup`, `user_id`, `kode_akhir`, `kas_awal`, `total_penjualan`, `rawat_inap`, `total_transaksi`, `kas_tersedia`, `kartu_debit`, `belum_dibayar`, `total_kas`, `selisih`) VALUES
(00001, '2019-02-18', '00:00:00', '19:10:18', 012, '02184944', 0, 102000, 0, 102000, 0, 0, 0, 0, 0),
(00002, '2019-02-18', '00:00:00', '21:48:18', 013, '02183709', 0, 754000, 0, 754000, 754000, 0, 0, 754000, 0),
(00003, '2019-02-19', '00:00:00', '14:50:19', 012, '02192047', 114000, 160000, 0, 160000, 160000, 0, 0, 160000, 0),
(00004, '2019-02-19', '00:00:00', '21:50:19', 013, '02192018', 0, 598700, 0, 598700, 599500, 0, 0, 599500, 800),
(00005, '2019-02-20', '00:00:00', '14:56:20', 013, '02203955', 0, 103500, 0, 103500, 103500, 0, 0, 103500, 0),
(00006, '2019-02-20', '00:00:00', '21:49:20', 012, '02202949', 0, 789500, 0, 789500, 789500, 0, 0, 789500, 0),
(00007, '2019-02-21', '00:00:00', '14:31:21', 013, '02210059', 0, 186500, 0, 186500, 186500, 0, 0, 186500, 0),
(00008, '2019-02-21', '00:00:00', '14:45:21', 013, '02214044', 0, 247000, 0, 247000, 247000, 0, 0, 247000, 0),
(00009, '2019-02-21', '00:00:00', '21:41:21', 012, '02211449', 0, 699500, 0, 699500, 699500, 0, 0, 699500, 0),
(00010, '2019-02-22', '00:00:00', '21:52:22', 013, '02223033', 0, 729190, 0, 729190, 729200, 0, 0, 729200, 10),
(00011, '2019-02-22', '00:00:00', '21:52:22', 013, '02223033', 0, 729190, 0, 729190, 729200, 0, 0, 729200, 10),
(00012, '2019-02-23', '00:00:00', '18:28:23', 012, '02235629', 0, 345500, 0, 345500, 345500, 0, 0, 345500, 0),
(00013, '2019-02-23', '00:00:00', '21:52:23', 012, '02234857', 0, 759500, 0, 759500, 759500, 0, 0, 759500, 0),
(00014, '2019-04-06', '08:00:00', '15:00:00', 007, '2244955', 0, 184500, 0, 184500, 200000, 0, 0, 200000, 15500),
(00015, '2019-04-08', '01:30:00', '22:30:00', 007, '2244957', 0, 138000, 0, 138000, 138000, 0, 0, 138000, 0),
(00016, '2019-04-08', '23:00:00', '23:30:00', 007, '2244958', 0, 155000, 0, 155000, 155000, 0, 0, 155000, 0),
(00017, '2019-04-11', '07:00:00', '14:00:00', 007, '2244960', 0, 481000, 0, 481000, 481000, 0, 0, 481000, 0),
(00018, '2019-04-12', '07:30:00', '14:00:00', 007, '2244961', 0, 158000, 200000, 358000, 360000, 0, 0, 360000, 2000),
(00019, '2019-04-13', '01:00:00', '10:00:00', 007, '2244962', 0, 15000, 0, 15000, 15000, 0, 0, 15000, 0),
(00020, '2019-04-10', '07:00:00', '12:30:00', 007, '2244963', 0, 486000, 0, 486000, 500000, 0, 0, 500000, 14000),
(00021, '2019-05-30', '01:00:00', '13:30:00', 007, '2244968', 0, 400000, 0, 400000, 400000, 0, 0, 400000, 0),
(00022, '2019-06-01', '00:00:00', '09:00:00', 007, '2244971', 0, 73350, 0, 73350, 73350, 0, 0, 73350, 0),
(00023, '2019-06-02', '07:00:00', '14:30:00', 007, '2244975', 0, 802330, 0, 802330, 810000, 0, 0, 810000, 7670),
(00024, '2019-06-02', '14:31:00', '15:00:00', 007, '2244978', 0, 226000, 0, 226000, 226000, 0, 0, 226000, 0);

-- --------------------------------------------------------

--
-- Struktur dari tabel `users`
--

CREATE TABLE `users` (
  `id` int(3) UNSIGNED ZEROFILL NOT NULL,
  `username` varchar(30) NOT NULL,
  `email` varchar(45) DEFAULT NULL,
  `password` varchar(255) DEFAULT NULL,
  `avatar` varchar(255) DEFAULT NULL,
  `created_at` datetime NOT NULL,
  `updated_at` int(11) DEFAULT NULL,
  `is_admin` tinyint(1) NOT NULL,
  `is_confirmed` tinyint(1) NOT NULL,
  `is_deleted` tinyint(1) NOT NULL,
  `full_name` varchar(100) DEFAULT NULL,
  `phone` varchar(15) DEFAULT NULL,
  `address` varchar(200) DEFAULT NULL,
  `level` varchar(45) DEFAULT NULL,
  `last_login` datetime NOT NULL DEFAULT CURRENT_TIMESTAMP
) ENGINE=InnoDB DEFAULT CHARSET=utf8;

--
-- Dumping data untuk tabel `users`
--

INSERT INTO `users` (`id`, `username`, `email`, `password`, `avatar`, `created_at`, `updated_at`, `is_admin`, `is_confirmed`, `is_deleted`, `full_name`, `phone`, `address`, `level`, `last_login`) VALUES
(004, 'ahmadbagwi', 'ahmadbagwi.id@gmail.com', '$2y$10$3VnPa9q7bIL9LFRtgXje8OYskLv18LXg0FeBRqTyZG0UCwRDf/kNK', '', '2019-01-01 12:00:28', NULL, 0, 0, 0, NULL, NULL, NULL, NULL, '2019-04-08 23:39:07'),
(007, 'admin1', 'admin1@gmail.com', '$2y$10$22Igtl2hmj6mIjRKVizG7uFdwxWGs1Ueb4BhLwYFyfPTZGJkBGT7y', '', '2019-01-18 14:01:00', NULL, 0, 0, 0, 'Admin 1', '085719191852', 'Bogor', NULL, '2019-06-02 13:37:24'),
(011, 'EndahDP', 'ndah10910@yahoo.co.id', '$2y$10$nrmU0k1uPsPxUtWg14/RVuUhpXIDYrpbVIYzFnj7A66Wy.CKMfq4.', NULL, '2019-02-09 20:19:34', NULL, 0, 0, 0, 'Endah Darma Pratiwi', '081211358820', 'Jatijajar JL. CEMPAKA RT 3 RW 7 NO 27', NULL, '2019-02-24 08:25:22'),
(012, 'AZIZ', 'azizpermana02@gmail.com', '$2y$10$zzBWTBVO7yqlESRVFuJJ3Ogkd4rsZIGfqauSnc1MTtUu.KJg1pEce', NULL, '2019-02-12 11:46:13', NULL, 0, 0, 0, 'M. Hadiyat Aziz Permana', '081289523195', 'jl.sindang barang jembatan gg,roda 2 rt02/01', NULL, '2019-02-23 18:14:05'),
(013, 'FARAH', 'farahhp27@gmail.com', '$2y$10$LplJ18vBieLgg06rGrGU3OmZckTmUAmAy0EFlxwbJEexA0qzTMlYa', NULL, '2019-02-12 17:48:28', NULL, 0, 0, 0, 'FARAH HP', '082113157750', 'JALAN RAYA WANGUN', NULL, '2019-02-23 12:43:06');

--
-- Indexes for dumped tables
--

--
-- Indexes for table `aset`
--
ALTER TABLE `aset`
  ADD PRIMARY KEY (`id`);

--
-- Indexes for table `ci_sessions`
--
ALTER TABLE `ci_sessions`
  ADD PRIMARY KEY (`id`),
  ADD UNIQUE KEY `timestamp` (`timestamp`);

--
-- Indexes for table `pembatalan`
--
ALTER TABLE `pembatalan`
  ADD PRIMARY KEY (`id`),
  ADD KEY `idUser` (`user_id`),
  ADD KEY `idProduk` (`id_produk`);

--
-- Indexes for table `pembayaran`
--
ALTER TABLE `pembayaran`
  ADD PRIMARY KEY (`id`),
  ADD KEY `idUser` (`user_id`);

--
-- Indexes for table `pengaturan`
--
ALTER TABLE `pengaturan`
  ADD PRIMARY KEY (`id`);

--
-- Indexes for table `penjualan`
--
ALTER TABLE `penjualan`
  ADD PRIMARY KEY (`id`),
  ADD KEY `id` (`id`),
  ADD KEY `idProduk` (`id_produk`),
  ADD KEY `idUser` (`user_id`);

--
-- Indexes for table `retur`
--
ALTER TABLE `retur`
  ADD PRIMARY KEY (`id`),
  ADD KEY `idUser` (`user_id`),
  ADD KEY `idSuplier` (`id_supplier`),
  ADD KEY `idProduk` (`id_produk`);

--
-- Indexes for table `stok`
--
ALTER TABLE `stok`
  ADD PRIMARY KEY (`id`);

--
-- Indexes for table `stokMasuk`
--
ALTER TABLE `stokMasuk`
  ADD PRIMARY KEY (`id`),
  ADD KEY `idProduk` (`id_produk`),
  ADD KEY `idUser` (`user_id`),
  ADD KEY `idSuplier` (`id_suplier`);

--
-- Indexes for table `supplier`
--
ALTER TABLE `supplier`
  ADD PRIMARY KEY (`id`);

--
-- Indexes for table `tutupKasir`
--
ALTER TABLE `tutupKasir`
  ADD PRIMARY KEY (`no_slip`),
  ADD KEY `idUser` (`user_id`);

--
-- Indexes for table `users`
--
ALTER TABLE `users`
  ADD PRIMARY KEY (`id`),
  ADD UNIQUE KEY `email_UNIQUE` (`email`);

--
-- AUTO_INCREMENT for dumped tables
--

--
-- AUTO_INCREMENT for table `aset`
--
ALTER TABLE `aset`
  MODIFY `id` int(4) UNSIGNED ZEROFILL NOT NULL AUTO_INCREMENT, AUTO_INCREMENT=7;
--
-- AUTO_INCREMENT for table `pembatalan`
--
ALTER TABLE `pembatalan`
  MODIFY `id` int(6) UNSIGNED ZEROFILL NOT NULL AUTO_INCREMENT, AUTO_INCREMENT=30;
--
-- AUTO_INCREMENT for table `pembayaran`
--
ALTER TABLE `pembayaran`
  MODIFY `id` int(6) NOT NULL AUTO_INCREMENT, AUTO_INCREMENT=361;
--
-- AUTO_INCREMENT for table `pengaturan`
--
ALTER TABLE `pengaturan`
  MODIFY `id` int(3) UNSIGNED ZEROFILL NOT NULL AUTO_INCREMENT, AUTO_INCREMENT=13;
--
-- AUTO_INCREMENT for table `penjualan`
--
ALTER TABLE `penjualan`
  MODIFY `id` int(6) UNSIGNED ZEROFILL NOT NULL AUTO_INCREMENT, AUTO_INCREMENT=818;
--
-- AUTO_INCREMENT for table `retur`
--
ALTER TABLE `retur`
  MODIFY `id` int(3) UNSIGNED ZEROFILL NOT NULL AUTO_INCREMENT, AUTO_INCREMENT=2;
--
-- AUTO_INCREMENT for table `stok`
--
ALTER TABLE `stok`
  MODIFY `id` int(6) UNSIGNED ZEROFILL NOT NULL AUTO_INCREMENT, AUTO_INCREMENT=963;
--
-- AUTO_INCREMENT for table `stokMasuk`
--
ALTER TABLE `stokMasuk`
  MODIFY `id` int(6) UNSIGNED ZEROFILL NOT NULL AUTO_INCREMENT, AUTO_INCREMENT=94;
--
-- AUTO_INCREMENT for table `supplier`
--
ALTER TABLE `supplier`
  MODIFY `id` int(4) UNSIGNED ZEROFILL NOT NULL AUTO_INCREMENT, AUTO_INCREMENT=4;
--
-- AUTO_INCREMENT for table `tutupKasir`
--
ALTER TABLE `tutupKasir`
  MODIFY `no_slip` int(5) UNSIGNED ZEROFILL NOT NULL AUTO_INCREMENT, AUTO_INCREMENT=25;
--
-- AUTO_INCREMENT for table `users`
--
ALTER TABLE `users`
  MODIFY `id` int(3) UNSIGNED ZEROFILL NOT NULL AUTO_INCREMENT, AUTO_INCREMENT=14;
--
-- Ketidakleluasaan untuk tabel pelimpahan (Dumped Tables)
--

--
-- Ketidakleluasaan untuk tabel `pembatalan`
--
ALTER TABLE `pembatalan`
  ADD CONSTRAINT `idProduk` FOREIGN KEY (`id_produk`) REFERENCES `stok` (`id`) ON DELETE NO ACTION ON UPDATE NO ACTION,
  ADD CONSTRAINT `idUser` FOREIGN KEY (`user_id`) REFERENCES `users` (`id`) ON DELETE NO ACTION ON UPDATE NO ACTION;

--
-- Ketidakleluasaan untuk tabel `pembayaran`
--
ALTER TABLE `pembayaran`
  ADD CONSTRAINT `pembayaran_ibfk_1` FOREIGN KEY (`user_id`) REFERENCES `users` (`id`) ON DELETE NO ACTION ON UPDATE NO ACTION;

--
-- Ketidakleluasaan untuk tabel `penjualan`
--
ALTER TABLE `penjualan`
  ADD CONSTRAINT `fk_iduser` FOREIGN KEY (`user_id`) REFERENCES `users` (`id`) ON DELETE NO ACTION ON UPDATE NO ACTION,
  ADD CONSTRAINT `penjualan_ibfk_1` FOREIGN KEY (`id_produk`) REFERENCES `stok` (`id`) ON DELETE NO ACTION ON UPDATE NO ACTION;

--
-- Ketidakleluasaan untuk tabel `retur`
--
ALTER TABLE `retur`
  ADD CONSTRAINT `retur_ibfk_1` FOREIGN KEY (`user_id`) REFERENCES `users` (`id`) ON DELETE NO ACTION ON UPDATE NO ACTION,
  ADD CONSTRAINT `retur_ibfk_2` FOREIGN KEY (`id_produk`) REFERENCES `stok` (`id`) ON DELETE NO ACTION ON UPDATE NO ACTION,
  ADD CONSTRAINT `retur_ibfk_3` FOREIGN KEY (`id_supplier`) REFERENCES `supplier` (`id`) ON DELETE NO ACTION ON UPDATE NO ACTION;

--
-- Ketidakleluasaan untuk tabel `stokMasuk`
--
ALTER TABLE `stokMasuk`
  ADD CONSTRAINT `idsupplier` FOREIGN KEY (`id_suplier`) REFERENCES `supplier` (`id`) ON DELETE NO ACTION ON UPDATE NO ACTION,
  ADD CONSTRAINT `stokMasuk_ibfk_1` FOREIGN KEY (`user_id`) REFERENCES `users` (`id`) ON DELETE NO ACTION ON UPDATE NO ACTION,
  ADD CONSTRAINT `stokMasuk_ibfk_2` FOREIGN KEY (`id_produk`) REFERENCES `stok` (`id`) ON DELETE NO ACTION ON UPDATE NO ACTION;

--
-- Ketidakleluasaan untuk tabel `tutupKasir`
--
ALTER TABLE `tutupKasir`
  ADD CONSTRAINT `tutupKasir_ibfk_1` FOREIGN KEY (`user_id`) REFERENCES `users` (`id`) ON DELETE NO ACTION ON UPDATE NO ACTION;

/*!40101 SET CHARACTER_SET_CLIENT=@OLD_CHARACTER_SET_CLIENT */;
/*!40101 SET CHARACTER_SET_RESULTS=@OLD_CHARACTER_SET_RESULTS */;
/*!40101 SET COLLATION_CONNECTION=@OLD_COLLATION_CONNECTION */;
